id,width,height,initialFrame,finalFrame,numFrames,class,drivingDirection,traveledDistance,minXVelocity,maxXVelocity,meanXVelocity,minDHW,minTHW,minTTC,numLaneChanges
1,4.45,2.32,1,49,49,Car,1,71.18,36.78,37.57,37.19,-1.00,-1.00,-1.00,0
2,4.24,1.92,1,107,107,Car,2,137.56,31.91,33.01,32.50,-1.00,-1.00,-1.00,0
3,4.75,1.92,1,112,112,Car,2,126.42,28.12,29.43,28.53,-1.00,-1.00,-1.00,0
4,4.55,1.92,1,120,120,Car,1,187.07,37.51,41.02,39.35,109.75,2.81,72.83,0
5,5.05,2.12,1,146,146,Car,1,224.24,37.68,39.25,38.70,25.11,0.64,151.34,0
6,3.74,1.92,1,226,226,Car,1,291.78,31.03,33.23,32.44,63.03,2.03,-1.00,0
7,16.57,2.50,1,260,260,Truck,1,257.83,24.68,25.13,24.90,60.37,2.41,-1.00,0
8,4.95,2.12,1,276,276,Car,1,330.97,29.62,30.45,30.10,35.17,1.18,-1.00,0
9,4.45,2.02,1,332,332,Car,1,386.44,28.86,30.06,29.20,49.92,1.66,115.43,0
10,4.95,2.12,1,345,345,Car,1,408.16,28.61,31.67,29.68,10.83,0.37,11.11,0
11,12.03,2.50,1,374,374,Truck,1,340.92,22.58,23.52,22.86,19.93,0.87,24.89,0
12,12.43,2.50,1,420,420,Truck,1,383.90,22.36,24.28,22.92,12.10,0.53,20.08,0
13,6.67,2.43,2,133,132,Car,1,171.74,32.77,32.95,32.83,-1.00,-1.00,-1.00,0
14,11.82,2.50,2,355,354,Truck,1,319.60,22.52,22.74,22.64,50.38,2.23,-1.00,0
15,4.85,2.02,8,275,268,Car,2,410.15,36.85,39.09,38.43,243.69,6.24,24.80,1
16,4.55,1.92,22,366,345,Car,1,411.95,27.81,32.92,29.95,14.19,0.48,9.62,0
17,5.15,2.02,37,257,221,Car,2,403.76,43.26,48.21,45.93,39.80,0.91,9.15,0
18,11.93,2.50,42,475,434,Truck,1,409.26,23.48,23.74,23.64,39.83,1.69,36.23,0
19,11.93,2.50,73,484,412,Truck,2,377.66,22.53,23.22,23.00,56.32,2.49,-1.00,0
20,4.45,2.02,79,410,332,Car,1,409.87,28.12,33.82,30.97,46.24,1.60,19.38,0
21,11.72,2.50,80,512,433,Truck,1,408.59,23.15,24.38,23.65,23.46,0.98,35.91,0
22,16.67,2.50,83,525,443,Truck,2,409.67,22.57,23.42,23.17,21.58,0.92,86.94,0
23,5.96,2.43,94,435,342,Car,1,411.27,28.59,32.14,30.16,14.93,0.46,40.65,0
24,4.14,1.92,120,458,339,Car,1,410.75,28.34,32.05,30.39,22.12,0.76,22.23,0
25,4.04,1.82,186,485,300,Car,2,410.51,33.89,34.58,34.34,264.51,7.80,-1.00,0
26,16.78,2.50,188,630,443,Truck,2,409.53,22.58,23.37,23.16,79.10,3.46,1922.34,0
27,5.36,2.32,223,523,301,Car,1,410.09,30.15,35.91,34.19,76.68,2.36,16.52,0
28,4.04,1.82,228,535,308,Car,1,402.40,31.26,33.31,32.78,17.06,0.54,5.28,1
29,4.75,2.02,298,612,315,Car,2,411.47,32.00,33.10,32.78,148.29,4.63,-1.00,0
30,4.14,1.92,311,648,338,Car,1,409.37,30.05,30.66,30.38,107.53,3.57,25.94,0
31,4.85,2.02,344,694,351,Car,2,411.31,28.83,30.01,29.39,54.23,1.83,11.56,1
32,5.05,2.22,356,719,364,Car,1,409.60,28.00,28.68,28.22,48.18,1.68,-1.00,0
33,16.78,2.50,364,829,466,Truck,2,409.26,21.39,22.49,22.01,26.13,1.20,-1.00,0
34,3.94,1.82,380,689,310,Car,2,410.66,31.46,34.32,33.26,34.88,1.09,16.16,0
35,4.14,1.82,423,713,291,Car,2,411.10,34.41,36.45,35.46,29.01,0.83,12.72,0
36,16.78,2.50,442,902,461,Truck,2,408.50,21.51,22.57,22.20,48.74,2.17,289.30,0
37,4.35,1.92,445,739,295,Car,2,410.27,33.84,36.22,34.90,24.93,0.70,19.41,0
38,9.20,2.50,464,884,421,Truck,1,407.03,23.95,24.41,24.24,111.69,4.59,-1.00,0
39,4.75,2.12,493,722,230,Car,1,408.42,44.22,44.83,44.62,323.87,7.22,23.87,0
40,4.45,1.82,512,790,279,Car,2,411.14,35.40,37.97,36.97,72.46,1.93,19.40,0
41,16.78,2.50,517,977,461,Truck,2,409.31,21.72,22.79,22.25,49.06,2.23,1037.58,0
42,9.70,2.50,556,995,440,Truck,1,406.67,22.85,23.34,23.17,77.97,3.34,-1.00,0
43,4.55,1.92,636,926,291,Car,2,410.78,34.96,36.00,35.43,72.04,2.00,5.22,1
44,4.75,2.02,666,904,239,Car,1,402.24,41.70,42.49,42.28,305.31,7.32,-1.00,0
45,4.75,2.02,682,924,243,Car,1,402.71,40.80,41.94,41.63,21.53,0.53,-1.00,0
46,4.04,1.82,715,1024,310,Car,2,404.57,32.34,33.33,32.76,64.80,1.95,6.23,1
47,5.15,2.02,778,1030,253,Car,1,403.71,38.40,41.28,40.07,93.13,2.35,5.58,1
48,6.87,2.50,910,1203,294,Truck,1,407.19,34.34,35.17,34.76,206.76,5.88,23.17,0
49,4.75,2.02,932,1147,216,Car,1,410.45,44.42,50.67,47.77,218.81,4.59,23.63,0
50,4.75,2.12,932,1214,283,Car,1,408.52,35.69,36.68,36.24,22.94,0.63,20.07,1
51,5.05,2.12,978,1218,241,Car,2,411.18,41.96,43.43,42.86,321.77,7.58,35.30,0
52,16.88,2.50,1081,1477,397,Truck,1,387.70,24.00,24.98,24.49,49.69,2.04,-1.00,0
53,4.75,2.02,1105,1366,262,Car,2,412.12,39.30,40.04,39.50,-1.00,-1.00,-1.00,0
54,5.46,2.32,1119,1399,281,Car,1,409.65,36.47,36.68,36.60,265.51,7.24,1085.97,1
55,4.35,1.92,1129,1426,298,Car,2,411.33,33.84,35.13,34.65,33.15,0.98,-1.00,0
56,5.15,2.22,1153,1350,198,Car,2,408.82,49.93,53.77,51.93,272.21,5.31,34.70,0
57,9.40,2.50,1156,1589,434,Truck,1,408.38,23.30,24.11,23.59,65.64,2.72,-1.00,0
58,4.45,2.02,1180,1384,205,Car,2,407.12,47.45,51.79,49.93,48.95,1.03,-1.00,0
59,4.45,1.92,1220,1493,274,Car,1,410.31,37.05,37.93,37.59,137.63,3.65,107.38,0
60,16.57,2.50,1229,1661,433,Truck,1,409.25,23.51,23.85,23.69,50.06,2.12,136.25,0
61,11.22,2.50,1264,1677,414,Truck,2,409.30,24.20,25.19,24.78,171.82,7.10,-1.00,0
62,18.80,2.50,1288,1728,441,Truck,1,409.63,22.98,23.55,23.28,38.02,1.63,-1.00,0
63,5.86,2.50,1345,1749,405,Truck,1,398.54,23.66,24.95,24.67,23.80,0.99,19.33,0
64,21.32,2.50,1428,1822,395,Truck,2,375.42,23.19,24.10,23.84,105.44,4.51,-1.00,0
65,4.24,1.92,1445,1724,280,Car,1,410.46,36.42,37.12,36.81,335.35,9.03,27916.26,0
66,4.04,1.92,1488,1783,296,Car,2,411.35,33.78,35.67,34.87,-1.00,-1.00,-1.00,0
67,7.18,2.50,1511,1926,416,Truck,2,408.25,23.89,24.87,24.61,95.76,3.85,114.55,0
68,4.95,2.22,1585,1894,310,Car,1,410.83,32.96,33.46,33.26,176.91,5.32,18.53,1
69,20.31,2.50,1597,2023,427,Truck,2,408.74,23.54,24.28,24.00,62.63,2.65,-1.00,0
70,15.46,2.50,1599,2004,406,Truck,1,389.17,23.77,24.18,24.03,21.66,0.89,-1.00,0
71,4.45,2.22,1631,1849,219,Car,1,402.16,44.91,46.82,46.15,47.48,1.05,4.03,0
72,4.95,2.32,1646,1908,263,Car,2,410.31,37.93,40.16,39.18,193.12,4.91,53.53,0
73,4.45,2.02,1656,1923,268,Car,2,411.37,36.52,40.26,38.54,12.17,0.33,345.13,0
74,4.65,2.02,1730,2003,274,Car,1,408.51,36.87,37.67,37.43,173.41,4.61,-1.00,0
75,4.75,2.02,1744,2088,345,Car,2,410.90,29.28,30.28,29.87,95.72,3.19,16.66,1
76,6.06,2.73,1761,2120,360,Car,1,409.25,27.94,28.97,28.51,104.22,3.70,23.85,0
77,4.55,2.02,1767,2066,300,Car,1,408.75,33.24,34.73,34.20,51.28,1.54,-1.00,0
78,4.65,2.02,1833,2108,276,Car,1,409.65,35.16,38.18,37.25,55.33,1.53,18.97,0
79,11.93,2.50,1912,2310,399,Truck,1,393.31,24.47,24.86,24.71,162.24,6.52,-1.00,0
80,3.84,1.82,1936,2230,295,Car,2,409.97,33.96,35.69,34.88,197.13,5.64,41.89,0
81,4.35,2.12,1987,2275,289,Car,1,403.21,34.67,35.17,35.02,230.37,6.56,42091.10,0
82,3.64,1.82,1996,2315,320,Car,2,410.84,31.54,33.05,32.21,372.24,11.80,50.78,0
83,4.85,2.12,2001,2291,291,Car,1,402.77,33.64,35.74,34.73,14.25,0.41,23.77,0
84,8.59,2.50,2022,2446,425,Truck,1,396.79,23.17,23.57,23.40,100.59,4.29,-1.00,0
85,4.45,2.02,2024,2329,306,Car,2,411.17,32.81,34.73,33.72,116.88,3.44,-1.00,0
86,4.95,2.12,2077,2324,248,Car,1,410.33,40.42,43.04,41.55,42.22,1.03,7.36,0
87,7.07,2.50,2093,2491,399,Truck,2,408.64,25.22,26.00,25.68,114.11,4.52,-1.00,0
88,9.30,2.50,2113,2565,453,Truck,1,407.30,22.06,22.75,22.53,75.23,3.32,-1.00,0
89,4.75,2.02,2115,2379,265,Car,1,410.89,37.93,39.39,38.94,60.30,1.56,-1.00,0
90,4.65,1.92,2118,2434,317,Car,2,410.74,31.19,33.80,32.51,122.86,3.94,668.45,0
91,5.05,2.02,2162,2462,301,Car,2,402.40,33.26,33.84,33.55,39.40,1.18,26.12,0
92,7.58,2.50,2182,2660,479,Truck,1,408.74,21.00,21.88,21.39,56.11,2.56,-1.00,0
93,4.45,1.92,2184,2422,239,Car,1,409.64,41.62,43.98,43.06,68.34,1.62,16.27,0
94,3.74,1.82,2186,2563,378,Car,2,410.41,26.88,28.37,27.23,75.65,2.74,48.29,0
95,3.74,1.92,2223,2530,308,Car,1,410.93,30.60,36.19,33.49,64.22,2.10,-1.00,0
96,16.88,2.50,2231,2707,477,Truck,1,408.92,20.67,22.21,21.48,19.23,0.90,34.52,0
97,4.85,2.02,2247,2554,308,Car,2,410.48,32.33,35.48,33.45,105.82,3.09,66.64,0
98,3.84,1.77,2255,2591,337,Car,1,410.74,30.34,31.13,30.58,35.31,1.16,-1.00,0
99,4.35,2.12,2293,2640,348,Car,1,410.50,28.89,30.61,29.59,24.84,0.82,2.99,1
100,5.26,2.12,2314,2623,310,Car,2,411.32,32.53,33.76,33.30,75.59,2.27,14.48,0
101,4.55,2.02,2350,2670,321,Car,1,410.86,29.59,34.16,32.11,31.26,1.04,13.53,1
102,4.65,2.02,2399,2695,297,Car,1,409.62,31.70,37.69,34.61,28.05,0.87,11.40,0
103,5.96,3.03,2448,2924,477,Truck,2,408.44,20.93,21.90,21.46,168.42,8.04,-1.00,0
104,14.25,2.50,2523,2994,472,Truck,2,407.94,21.20,21.81,21.66,46.90,2.15,131.57,0
105,4.85,2.12,2537,2779,243,Car,1,410.50,39.55,44.53,42.42,131.55,3.15,13.08,0
106,4.65,1.92,2543,2798,256,Car,1,402.06,37.63,39.90,39.45,145.04,3.66,7.65,0
107,4.45,2.12,2586,2837,252,Car,1,409.48,38.03,42.62,40.80,81.82,1.92,-1.00,0
108,19.61,2.50,2597,3069,473,Truck,2,409.24,21.14,21.85,21.68,44.56,2.08,97.94,0
109,4.35,2.02,2599,2927,329,Car,2,410.65,29.69,32.08,31.31,-1.00,-1.00,-1.00,0
110,4.75,1.92,2601,2904,304,Car,1,410.42,32.76,34.32,33.88,87.03,2.53,-1.00,0
111,4.85,2.02,2634,2869,236,Car,1,409.03,40.23,46.56,43.54,46.71,1.14,15.67,0
112,4.85,2.12,2655,2879,225,Car,1,400.64,40.06,47.47,44.73,19.76,0.48,11.23,0
113,4.75,2.02,2656,2941,286,Car,1,408.76,35.72,36.08,35.87,48.12,1.34,16.16,0
114,4.55,1.92,2733,2994,262,Car,1,408.50,37.47,39.79,39.16,77.23,1.98,20.81,0
115,4.85,2.02,2779,3009,231,Car,1,410.33,42.98,45.30,44.62,221.22,4.94,46.65,0
116,4.04,1.82,2780,3089,310,Car,2,411.71,32.42,34.30,33.33,12.55,0.37,6.92,1
117,4.45,1.82,2788,3063,276,Car,2,411.22,36.84,38.11,37.41,200.49,5.36,38.00,0
118,4.24,1.92,2837,3142,306,Car,1,409.00,32.58,35.55,33.54,95.83,2.69,-1.00,1
119,15.77,2.50,2851,3270,420,Truck,1,388.97,22.98,23.37,23.22,33.13,1.41,-1.00,0
120,4.24,2.02,2852,3145,294,Car,2,410.44,34.33,35.58,35.04,74.77,2.13,45.07,0
121,16.67,2.50,2959,3399,441,Truck,1,406.43,22.83,23.27,23.10,82.55,3.56,424.08,0
122,16.78,2.50,3019,3463,445,Truck,2,410.41,22.54,23.54,23.11,346.34,15.22,362.02,0
123,4.90,2.22,3048,3262,215,Car,1,409.37,47.07,48.59,47.86,-1.00,-1.00,-1.00,0
124,16.57,2.50,3065,3505,441,Truck,2,411.00,22.14,23.70,23.36,23.31,0.99,63.79,0
125,5.26,2.32,3119,3476,358,Car,1,400.81,27.62,29.41,28.08,91.60,3.22,16.67,0
126,4.35,2.12,3124,3399,276,Car,1,408.28,36.68,37.45,37.13,140.74,3.77,-1.00,0
127,5.26,2.22,3144,3413,270,Car,1,409.61,35.69,41.10,38.08,13.12,0.35,6.73,0
128,7.88,2.83,3261,3626,366,Car,2,410.63,27.74,28.76,28.14,129.90,4.59,27.96,0
129,4.85,2.02,3266,3515,250,Car,1,396.57,37.98,40.52,39.83,53.87,1.38,5.58,1
130,4.85,2.12,3295,3610,316,Car,2,410.59,32.23,33.43,32.61,-1.00,-1.00,-1.00,0
131,17.89,2.50,3317,3732,416,Truck,2,409.46,24.14,24.98,24.67,43.49,1.80,-1.00,0
132,4.35,1.92,3389,3661,273,Car,2,409.82,36.52,38.23,37.69,71.25,1.92,15.93,0
133,16.78,2.50,3406,3842,437,Truck,2,410.95,22.95,23.96,23.57,69.71,3.03,-1.00,0
134,4.35,2.02,3427,3700,274,Car,2,410.61,34.58,39.26,37.61,53.36,1.44,20.90,0
135,4.19,1.82,3447,3765,319,Car,1,407.78,30.91,33.24,32.07,291.54,8.78,-1.00,0
136,4.65,2.02,3451,3730,280,Car,2,411.39,34.33,39.18,36.89,28.89,0.84,-1.00,0
137,4.55,1.82,3455,3761,307,Car,2,410.50,30.82,35.41,33.56,9.61,0.30,2.65,1
138,4.75,1.92,3515,3793,279,Car,2,402.47,35.48,36.78,36.22,49.78,1.36,14.71,0
139,9.10,2.50,3542,3980,439,Truck,1,405.59,22.89,23.33,23.16,9.87,0.42,-1.00,0
140,4.04,1.92,3567,3880,314,Car,1,408.61,32.27,32.98,32.65,144.57,4.43,85.86,1
141,4.45,1.92,3582,3937,356,Car,2,410.63,27.38,29.76,28.93,102.49,3.59,22.10,0
142,4.65,2.02,3583,3903,321,Car,1,409.08,31.31,33.45,31.97,16.32,0.49,32.50,1
143,4.55,1.92,3595,3900,306,Car,1,409.48,31.91,36.16,33.58,9.16,0.28,11.47,0
144,12.03,2.50,3606,4047,442,Truck,1,407.15,23.00,23.18,23.09,48.36,2.10,260.42,0
145,4.95,2.02,3614,3924,311,Car,1,399.86,31.31,32.76,32.26,19.08,0.58,59.06,1
146,16.98,2.50,3646,4079,434,Truck,1,385.27,21.52,23.52,22.26,19.44,0.84,-1.00,0
147,5.96,2.22,3654,3918,265,Car,2,408.33,37.87,39.49,38.70,175.79,4.55,57.64,0
148,4.14,1.82,3670,3963,294,Car,1,406.15,34.14,35.06,34.68,48.60,1.39,15.77,0
149,4.75,1.92,3679,3950,272,Car,2,409.12,36.92,38.37,37.76,35.82,0.95,-1.00,0
150,4.75,2.12,3713,4012,300,Car,1,400.10,32.59,33.82,33.47,55.39,1.64,-1.00,0
151,5.26,2.32,3752,4049,298,Car,1,407.11,33.53,35.07,34.28,35.67,1.06,32.37,0
152,3.64,1.82,3758,4031,274,Car,2,411.31,37.18,38.27,37.69,138.56,3.66,13.28,0
153,4.35,1.92,3770,4065,296,Car,1,407.67,33.83,35.61,34.57,17.51,0.51,36.07,0
154,12.63,2.50,3788,4197,410,Truck,1,404.97,24.58,24.89,24.77,83.35,3.37,29.94,0
155,6.06,2.63,3805,4100,296,Car,1,406.11,33.69,35.54,34.43,41.53,1.19,162.74,0
156,4.45,1.92,3852,4247,396,Car,1,406.42,23.56,28.90,25.73,39.42,1.57,14.57,0
157,6.06,2.53,3876,4157,282,Car,1,405.33,34.96,36.29,36.09,75.60,2.10,30.56,0
158,4.45,1.92,3891,4169,279,Car,2,409.14,35.97,37.16,36.81,193.60,5.38,-1.00,0
159,4.24,1.82,3907,4180,274,Car,2,409.35,36.89,38.06,37.51,341.69,9.25,4040.23,0
160,3.33,1.82,3990,4253,264,Car,1,405.51,38.26,38.81,38.57,143.24,3.72,40.28,0
161,4.35,1.92,3990,4328,339,Car,2,410.37,30.08,30.55,30.37,118.72,3.94,-1.00,1
162,3.44,1.82,4018,4280,263,Car,1,401.82,37.96,38.50,38.36,42.11,1.10,683.97,0
163,4.75,2.02,4027,4340,314,Car,2,402.52,29.34,33.35,32.17,18.62,0.56,6.54,1
164,18.49,2.50,4036,4468,433,Truck,2,408.95,23.20,23.96,23.68,30.30,1.28,-1.00,0
165,4.24,1.82,4076,4349,274,Car,1,400.34,36.47,36.86,36.68,151.58,4.13,11.69,0
166,16.78,2.50,4085,4521,437,Truck,2,409.28,22.68,24.16,23.48,28.28,1.24,-1.00,0
167,4.19,1.82,4114,4453,340,Car,2,408.84,28.86,31.44,30.17,99.98,3.46,-1.00,0
168,4.35,2.22,4278,4514,237,Car,1,402.76,42.27,43.19,42.71,395.00,9.15,75.88,0
169,12.03,2.50,4286,4707,422,Truck,2,407.99,23.64,24.58,24.23,171.61,7.04,455.14,0
170,13.14,2.50,4328,4770,443,Truck,1,405.51,22.77,23.03,22.94,30.09,1.30,-1.00,0
171,4.55,2.02,4336,4664,329,Car,1,407.91,30.95,31.16,31.10,26.33,0.84,-1.00,1
172,4.70,1.92,4341,4627,287,Car,2,410.11,35.68,36.01,35.87,245.19,6.84,52.58,0
173,3.84,1.82,4393,4633,241,Car,1,400.93,41.25,43.21,41.79,22.94,0.55,2.26,1
174,4.14,1.92,4412,4710,299,Car,2,408.65,33.05,35.84,34.31,46.98,1.35,4.59,1
175,5.05,2.02,4589,4827,239,Car,2,408.22,42.45,43.40,42.91,195.95,4.61,27.30,0
176,16.88,2.50,4675,5071,397,Truck,1,385.54,24.16,24.45,24.35,74.19,3.03,179.17,0
177,4.04,1.82,4677,4932,256,Car,1,404.93,39.01,40.14,39.72,-1.00,-1.00,-1.00,1
178,4.95,1.92,4708,4941,234,Car,1,405.90,43.23,44.35,43.58,24.43,0.56,7.33,0
179,18.90,2.50,4746,5182,437,Truck,2,407.75,23.00,23.59,23.39,-1.00,-1.00,-1.00,0
180,4.85,2.12,4842,5046,205,Car,1,406.32,48.43,50.98,49.83,208.36,4.17,37.60,0
181,18.09,2.50,4867,5276,410,Truck,2,386.20,22.93,23.96,23.61,94.35,3.95,152.62,0
182,4.04,1.92,4882,5111,230,Car,1,408.88,44.34,44.78,44.66,75.00,1.69,-1.00,0
183,4.75,2.22,4935,5270,336,Car,2,401.20,29.03,30.68,29.95,-1.00,-1.00,-1.00,0
184,16.78,2.50,4940,5325,386,Truck,1,384.03,24.74,25.14,24.95,236.26,9.43,272.72,0
185,16.78,2.50,4942,5387,446,Truck,2,408.21,22.45,23.88,22.94,51.80,2.30,-1.00,0
186,4.04,2.32,4951,5179,229,Car,1,404.90,43.38,45.20,44.42,114.81,2.55,257.47,0
187,5.46,2.43,4955,5295,341,Car,2,408.99,29.35,30.85,30.08,17.66,0.58,62.32,0
188,3.74,1.82,4974,5316,343,Car,2,408.53,28.73,30.92,29.88,18.26,0.62,45.65,0
189,5.15,2.12,5002,5339,338,Car,2,401.59,29.64,30.31,29.81,25.08,0.84,26.13,0
190,14.15,2.50,5007,5444,438,Truck,2,408.42,22.96,23.68,23.37,38.71,1.64,62.11,0
191,3.84,1.82,5064,5501,438,Car,2,409.39,21.93,24.04,23.42,50.34,2.16,118.57,0
192,4.30,1.82,5123,5419,297,Car,2,407.80,33.81,34.72,34.46,98.49,2.83,22.35,0
193,7.07,2.50,5154,5498,345,Truck,2,406.11,29.32,29.86,29.53,34.77,1.18,-1.00,0
194,3.94,1.82,5225,5545,321,Car,2,408.34,30.17,32.89,31.92,51.70,1.70,19.71,0
195,4.55,1.82,5325,5621,297,Car,2,408.88,34.30,34.77,34.55,100.07,2.90,23.17,0
196,4.55,1.92,5344,5663,320,Car,1,408.93,31.30,32.46,32.04,-1.00,-1.00,-1.00,0
197,4.55,1.92,5360,5652,293,Car,1,411.15,34.66,36.42,35.24,-1.00,-1.00,-1.00,0
198,4.85,2.12,5376,5685,310,Car,2,408.34,32.22,33.63,33.05,240.01,7.28,26.93,0
199,16.67,2.50,5409,5835,427,Truck,1,408.74,23.74,24.12,23.99,28.15,1.17,-1.00,0
200,4.85,2.02,5413,5729,317,Car,2,409.07,30.13,33.17,32.38,42.49,1.28,1626.39,1
201,16.57,2.50,5437,5870,434,Truck,2,408.69,23.20,24.12,23.61,47.05,2.01,-1.00,0
202,4.75,2.02,5451,5744,294,Car,2,409.11,32.26,37.21,34.93,45.75,1.33,39.76,0
203,4.24,1.92,5456,5755,300,Car,1,403.26,32.50,34.82,33.74,132.02,3.79,-1.00,1
204,16.78,2.50,5504,5940,437,Truck,2,409.62,22.80,24.00,23.49,45.94,2.01,-1.00,0
205,7.07,2.43,5511,5830,320,Car,2,410.60,31.38,33.50,32.20,72.51,2.31,-1.00,0
206,4.75,2.02,5538,5860,323,Car,2,409.51,30.40,32.75,31.82,29.26,0.94,30.06,0
207,4.35,1.82,5585,5918,334,Car,2,410.18,29.51,31.79,30.81,53.47,1.81,-1.00,0
208,4.04,1.82,5593,5825,233,Car,1,403.08,42.87,44.35,43.47,145.16,3.33,13.90,0
209,4.85,2.02,5636,5874,239,Car,1,400.56,41.68,42.47,42.10,67.89,1.62,3.80,2
210,11.93,2.50,5638,6043,406,Truck,1,392.62,24.00,24.41,24.24,17.79,0.74,485.43,0
211,16.98,2.50,5642,6073,432,Truck,2,408.44,22.76,24.11,23.69,112.10,4.73,827.28,0
212,3.84,1.82,5657,5983,327,Car,2,410.06,29.95,32.10,31.46,79.50,2.47,154.82,0
213,13.85,2.73,5681,6109,429,Car,1,410.19,23.14,24.70,23.97,27.63,1.13,81.82,0
214,5.96,2.32,5689,6031,343,Car,2,410.80,28.59,31.37,30.04,32.53,1.13,-1.00,0
215,3.94,1.82,5691,6012,322,Car,1,404.35,28.26,33.48,31.50,159.94,4.90,-1.00,1
216,4.04,2.02,5726,6060,335,Car,1,403.07,29.57,30.34,30.19,35.42,1.19,131.92,0
217,3.84,1.82,5799,6136,338,Car,2,410.53,29.87,30.58,30.47,122.89,4.02,299.35,0
218,4.55,2.12,5801,6193,393,Car,1,401.56,24.45,27.41,25.61,85.33,3.46,35.95,0
219,7.38,2.43,5816,6268,453,Car,2,411.91,22.49,23.22,22.79,17.84,0.78,-1.00,0
220,4.65,2.12,5822,6118,297,Car,1,407.40,33.71,35.11,34.43,67.80,2.00,19.04,0
221,4.85,2.02,5849,6192,344,Car,2,411.87,29.00,30.42,30.03,55.81,1.92,21.94,1
222,4.75,1.92,5869,6211,343,Car,2,411.46,27.59,33.10,30.09,18.32,0.66,55.67,0
223,12.03,2.50,5896,6339,444,Truck,2,408.95,21.78,24.17,23.09,57.37,2.39,76.40,0
224,4.75,2.02,5909,6158,250,Car,1,409.46,39.84,41.53,41.13,58.12,1.43,8.67,0
225,4.45,2.02,5915,6250,336,Car,1,408.74,28.30,32.32,30.51,54.27,1.87,12.06,0
226,5.05,2.02,5942,6262,321,Car,2,410.17,31.71,32.76,32.07,58.35,1.82,16.30,0
227,3.54,1.72,5967,6281,315,Car,2,411.39,31.72,33.49,32.77,19.98,0.62,15.04,0
228,16.88,2.50,5973,6421,449,Truck,2,407.90,22.23,23.31,22.77,49.21,2.20,4695.82,0
229,4.04,1.92,5974,6301,328,Car,1,410.70,30.76,32.08,31.42,57.97,1.87,22.36,0
230,4.55,1.92,5997,6285,289,Car,1,409.92,33.92,36.20,35.61,142.50,4.20,-1.00,0
231,11.93,2.50,6013,6435,423,Truck,2,394.05,22.67,24.01,23.36,14.63,0.63,14.48,0
232,4.35,2.02,6017,6307,291,Car,1,408.29,34.06,36.34,35.21,20.45,0.60,51.38,0
233,16.88,2.50,6034,6427,394,Truck,1,385.66,24.21,24.79,24.54,56.94,2.31,-1.00,0
234,5.15,2.22,6069,6362,294,Car,1,409.64,33.93,35.24,34.97,66.64,1.89,77.37,0
235,16.67,2.50,6091,6524,434,Truck,2,409.76,23.01,24.07,23.67,49.67,2.13,59.20,0
236,4.45,2.12,6108,6400,293,Car,1,408.32,34.72,35.76,34.98,47.97,1.36,59.91,0
237,3.49,1.72,6140,6425,286,Car,1,409.65,35.28,36.43,35.95,33.36,0.92,21.06,0
238,4.95,2.02,6150,6458,309,Car,2,410.85,32.87,33.70,33.37,232.91,6.98,142.58,0
239,4.85,2.12,6195,6495,301,Car,1,408.98,33.51,34.39,34.10,72.79,2.13,-1.00,0
240,5.05,2.22,6223,6522,300,Car,1,408.73,33.58,36.07,34.19,33.02,0.96,18.01,0
241,16.67,2.50,6236,6660,425,Truck,2,408.10,23.94,24.36,24.07,115.37,4.81,121.15,0
242,9.50,2.50,6244,6669,426,Truck,1,405.81,23.60,24.06,23.88,196.84,8.21,-1.00,0
243,3.54,1.82,6272,6562,291,Car,2,408.65,34.50,35.59,35.25,145.14,4.08,79.08,0
244,5.15,2.22,6296,6584,289,Car,2,410.49,35.11,36.03,35.65,25.94,0.72,22.19,0
245,4.14,1.92,6308,6604,297,Car,1,409.54,34.02,35.33,34.61,106.47,3.10,89.83,0
246,16.98,2.50,6311,6743,433,Truck,1,407.13,23.21,23.83,23.57,48.01,2.04,2068.80,0
247,6.77,2.93,6318,6766,449,Car,2,411.76,22.38,23.38,22.98,74.17,3.31,-1.00,0
248,5.56,2.02,6321,6608,288,Car,2,412.35,34.92,36.62,35.94,27.04,0.76,26.71,0
249,4.14,2.02,6339,6638,300,Car,1,406.55,33.53,34.75,34.01,37.33,1.11,-1.00,0
250,4.85,2.07,6370,6673,304,Car,1,409.90,33.47,34.32,33.84,37.54,1.11,76.69,0
251,16.78,2.50,6388,6818,431,Truck,1,407.54,23.46,23.82,23.70,54.03,2.30,144.67,0
252,4.35,2.02,6402,6714,313,Car,1,408.20,31.37,33.72,32.73,37.29,1.19,-1.00,0
253,4.65,1.92,6428,6738,311,Car,1,408.86,30.96,33.90,33.00,27.56,0.83,25.28,0
254,4.35,1.92,6430,6696,267,Car,2,410.45,36.37,40.42,38.60,136.66,3.46,29.94,0
255,4.65,1.92,6452,6723,272,Car,2,403.01,35.86,39.15,37.20,28.11,0.78,-1.00,0
256,4.35,1.92,6462,6814,353,Car,2,403.14,27.79,30.57,28.65,61.69,2.07,9.64,0
257,14.05,2.50,6463,6893,431,Truck,1,407.54,23.53,23.80,23.70,57.04,2.41,288.29,0
258,6.47,2.50,6473,6816,344,Truck,1,406.51,28.87,30.74,29.64,48.06,1.66,-1.00,0
259,4.85,2.02,6489,6766,278,Car,2,409.73,35.44,38.82,37.00,46.90,1.32,-1.00,0
260,4.85,2.02,6506,6846,341,Car,2,403.88,29.08,30.83,29.71,33.92,1.13,22.35,0
261,6.06,2.32,6534,6803,270,Car,2,409.65,37.62,38.82,38.09,50.01,1.31,19.78,0
262,16.47,2.50,6573,6972,400,Truck,1,386.55,23.93,24.54,24.23,80.18,3.32,115.22,0
263,5.56,2.22,6601,6918,318,Car,2,401.77,30.95,32.25,31.71,85.15,2.74,36.88,0
264,4.95,2.12,6704,7017,314,Car,2,403.02,31.20,32.90,32.21,123.32,3.79,91.88,0
265,16.88,2.50,6707,7137,431,Truck,1,406.74,23.42,23.82,23.66,113.06,4.74,-1.00,0
266,4.65,2.02,6768,7063,296,Car,1,408.72,34.39,35.17,34.66,337.07,9.69,69.85,0
267,16.67,2.50,6775,7208,434,Truck,2,409.92,23.09,23.87,23.67,71.31,3.08,-1.00,0
268,4.65,1.92,6788,7083,296,Car,1,408.22,33.99,35.55,34.62,22.83,0.65,74.55,0
269,4.35,1.92,6886,7103,218,Car,2,410.62,45.86,48.55,47.35,-1.00,-1.00,-1.00,0
270,4.65,2.12,6929,7149,221,Car,2,401.78,45.48,45.87,45.68,72.81,1.60,-1.00,0
271,16.88,2.50,6947,7381,435,Truck,1,406.75,23.20,23.60,23.43,211.54,8.98,1946.01,0
272,5.76,2.22,6973,7404,432,Car,1,405.86,23.27,23.82,23.54,16.27,0.69,60.80,0
273,4.55,2.02,7018,7252,235,Car,2,410.12,42.88,44.46,43.84,157.65,3.67,-1.00,0
274,9.20,2.50,7035,7436,402,Truck,1,393.25,23.24,24.94,24.53,33.48,1.42,24.19,0
275,9.50,2.50,7071,7516,446,Truck,2,407.86,22.49,23.35,22.92,269.05,11.96,-1.00,0
276,4.45,1.92,7167,7484,318,Car,1,408.20,31.96,32.32,32.20,13.00,0.40,7.44,1
277,3.74,1.82,7175,7463,289,Car,1,406.85,34.10,35.62,35.34,-1.00,-1.00,-1.00,0
278,5.05,1.92,7207,7525,319,Car,2,408.29,31.70,32.48,32.12,325.39,10.26,-1.00,0
279,4.75,2.02,7220,7562,343,Car,1,408.10,29.50,30.07,29.85,63.07,2.13,19.86,0
280,4.85,1.92,7244,7586,343,Car,1,408.17,29.14,30.99,29.85,23.62,0.80,33.76,0
281,4.65,2.12,7307,7580,274,Car,1,399.13,36.14,36.99,36.57,141.94,3.87,30.46,0
282,4.75,2.02,7332,7616,285,Car,2,407.80,35.57,36.10,35.92,125.20,3.47,34.58,0
283,4.14,1.82,7343,7686,344,Car,1,408.08,29.31,30.04,29.75,110.38,3.68,170.32,0
284,16.67,2.50,7353,7787,435,Truck,2,408.80,23.15,23.96,23.56,239.53,10.20,1001.61,0
285,4.65,2.02,7375,7649,275,Car,1,407.59,35.65,38.39,37.21,94.22,2.45,42.60,0
286,3.74,1.82,7388,7727,340,Car,1,407.34,29.32,30.45,30.05,45.32,1.52,52.10,0
287,5.96,2.43,7521,7832,312,Car,1,405.12,31.65,33.04,32.58,128.48,3.95,40.64,0
288,4.45,1.92,7561,7770,210,Car,1,399.12,44.61,50.53,47.79,239.06,5.03,25.15,0
289,4.75,1.92,7569,7878,310,Car,1,407.39,32.65,33.28,32.98,55.76,1.68,37.35,0
290,4.75,1.92,7578,7797,220,Car,1,404.65,43.15,48.88,46.24,24.92,0.58,-1.00,0
291,4.75,2.02,7580,7872,293,Car,1,405.54,33.58,35.41,34.75,4.71,0.13,2.72,1
292,4.55,1.92,7585,7887,303,Car,2,407.54,33.24,34.17,33.76,132.32,3.89,13.17,0
293,4.85,2.02,7593,7860,268,Car,2,408.93,37.48,38.69,38.31,369.40,9.78,173.16,0
294,4.45,1.92,7613,7878,266,Car,2,407.23,37.82,38.86,38.44,20.99,0.54,36.03,0
295,4.95,2.12,7632,7891,260,Car,2,409.39,38.17,40.05,39.54,15.68,0.41,11.57,0
296,6.11,2.43,7684,7974,291,Car,2,409.46,34.60,36.20,35.32,117.70,3.30,78.97,0
297,4.14,1.72,7725,7999,275,Car,2,408.51,36.73,37.71,37.30,142.20,3.87,-1.00,0
298,9.30,2.50,7768,8203,436,Truck,2,407.77,22.83,24.08,23.44,54.32,2.31,-1.00,0
299,3.84,1.92,7798,8090,293,Car,2,402.05,31.89,36.38,34.43,103.57,2.85,-1.00,1
300,8.39,2.50,7822,8237,416,Truck,1,403.76,24.14,24.46,24.33,52.84,2.16,-1.00,0
301,4.35,1.82,7837,8085,249,Car,1,407.61,40.62,41.42,41.12,345.82,8.36,57.54,1
302,9.15,2.50,7858,8300,443,Truck,2,406.60,22.58,23.46,23.01,73.62,3.26,-1.00,0
303,4.55,2.12,7923,8145,223,Car,1,408.19,45.51,46.35,46.01,132.44,2.90,30.78,0
304,4.24,1.82,7998,8279,282,Car,1,399.17,35.17,35.95,35.53,64.89,1.84,5.86,1
305,16.88,2.50,8070,8489,420,Truck,2,406.06,23.68,24.65,24.24,168.37,6.92,166.61,0
306,14.45,2.50,8078,8495,418,Truck,1,405.04,24.11,24.41,24.29,100.60,4.12,894.72,0
307,4.95,2.02,8095,8403,309,Car,2,408.90,33.03,33.57,33.20,-1.00,-1.00,-1.00,0
308,4.75,2.22,8112,8371,260,Car,1,405.75,38.81,39.51,39.19,132.05,3.37,32.38,0
309,9.70,2.50,8120,8531,412,Truck,1,392.56,23.72,24.16,23.89,31.15,1.29,-1.00,0
310,16.37,2.50,8126,8549,424,Truck,2,406.97,23.45,24.35,24.06,37.76,1.60,-1.00,0
311,16.78,2.50,8350,8770,421,Truck,1,404.14,23.90,24.16,24.06,201.14,8.32,455.75,0
312,16.88,2.50,8428,8854,427,Truck,1,406.22,23.45,24.32,23.85,58.19,2.39,331.27,0
313,4.95,2.02,8461,8775,315,Car,1,407.31,32.15,32.65,32.45,-1.00,-1.00,-1.00,0
314,4.95,2.12,8466,8715,250,Car,2,408.33,40.34,41.34,41.02,-1.00,-1.00,-1.00,0
315,15.77,2.50,8480,8893,414,Truck,1,405.06,24.32,24.74,24.53,23.90,0.98,26.29,0
316,8.19,2.50,8481,8919,439,Truck,2,408.15,23.03,23.73,23.31,333.27,14.04,-1.00,0
317,4.95,2.12,8483,8797,315,Car,1,405.56,31.83,32.84,32.31,22.01,0.69,49.35,0
318,4.35,1.92,8493,8821,329,Car,1,407.26,30.98,31.53,31.06,9.82,0.31,-1.00,0
319,4.95,1.92,8524,8851,328,Car,1,408.55,30.59,32.57,31.25,29.47,0.94,21.78,0
320,2.83,1.72,8542,8881,340,Car,1,407.79,28.71,31.44,30.08,19.60,0.62,2.87,1
321,4.45,1.92,8580,8899,320,Car,1,407.02,30.80,32.77,31.91,17.98,0.57,30.18,0
322,4.45,1.92,8590,8878,289,Car,2,402.74,32.65,36.29,34.98,61.92,1.79,5.42,1
323,4.35,1.92,8598,8973,376,Car,1,400.79,25.90,27.96,26.73,61.19,2.18,39.65,0
324,3.84,1.92,8631,8974,344,Car,1,407.17,28.39,30.87,29.69,13.13,0.44,7.15,1
325,4.75,2.02,8633,8943,311,Car,1,398.99,31.83,32.60,32.19,58.83,1.84,49.38,0
326,3.84,1.82,8634,8906,273,Car,2,408.84,36.73,38.92,37.60,32.12,0.83,15.02,0
327,4.65,2.02,8654,8924,271,Car,2,407.85,36.01,39.19,37.78,24.44,0.63,18.61,0
328,4.85,1.92,8662,8995,334,Car,2,408.36,30.14,31.00,30.67,89.33,2.88,11.25,0
329,4.85,2.02,8670,8941,272,Car,2,408.59,35.89,40.50,37.71,18.31,0.51,17.55,0
330,4.14,1.87,8671,9001,331,Car,1,406.06,30.19,31.95,30.77,28.83,0.93,29.34,0
331,4.85,2.02,8692,8965,274,Car,2,406.98,36.03,39.41,37.29,20.93,0.57,13.89,0
332,4.65,2.12,8703,9028,326,Car,1,407.12,30.34,33.14,31.33,27.42,0.90,21.75,0
333,4.65,2.12,8724,9042,319,Car,1,405.72,29.65,32.64,31.91,12.56,0.41,8.38,0
334,4.55,2.12,8743,9065,323,Car,1,408.25,30.24,32.51,31.71,21.28,0.66,22.65,0
335,4.65,1.92,8743,9072,330,Car,1,399.20,29.37,31.39,30.35,113.32,3.78,27.46,0
336,4.85,1.92,8780,9035,256,Car,2,399.43,36.09,41.08,39.19,117.00,2.85,59.92,0
337,4.95,2.22,8807,9105,299,Car,1,398.82,29.46,35.58,33.47,34.33,1.13,11.14,0
338,4.65,1.92,8829,9123,295,Car,1,397.35,32.01,35.92,33.80,18.04,0.56,6.89,1
339,15.97,2.50,8836,9285,450,Truck,2,407.83,22.09,23.44,22.71,193.94,8.77,-1.00,0
340,4.35,1.92,8868,9097,230,Car,1,397.60,36.17,49.49,43.43,51.06,1.34,6.52,0
341,4.14,1.92,8915,9219,305,Car,1,406.71,31.23,36.30,33.45,112.49,3.33,80.76,0
342,16.07,2.50,8921,9371,451,Truck,2,407.20,22.11,23.17,22.63,60.02,2.67,-1.00,0
343,4.35,1.92,8927,9248,322,Car,2,400.58,30.57,31.68,31.21,218.20,7.13,-1.00,0
344,5.15,2.02,8949,9275,327,Car,2,408.73,30.57,32.00,31.36,23.53,0.73,61.22,0
345,4.95,2.02,8981,9307,327,Car,2,408.76,29.63,32.07,31.36,33.91,1.10,96.32,0
346,16.88,2.50,9087,9505,419,Truck,2,406.60,24.04,24.66,24.33,113.32,4.66,64.64,0
347,4.35,2.02,9139,9464,326,Car,1,406.38,30.84,31.96,31.27,-1.00,-1.00,-1.00,1
348,16.78,2.50,9144,9565,422,Truck,1,404.59,23.71,24.19,24.03,29.62,1.22,-1.00,0
349,17.79,2.50,9160,9583,424,Truck,2,406.17,23.86,24.33,24.01,52.66,2.17,-1.00,0
350,5.15,2.22,9176,9471,296,Car,2,407.53,33.82,35.21,34.55,223.12,6.47,92.09,0
351,11.42,2.63,9223,9552,330,Car,1,406.80,30.03,31.60,30.92,95.23,3.01,301.42,0
352,17.08,2.50,9237,9662,426,Truck,1,407.14,23.63,24.15,23.96,25.74,1.08,259.83,0
353,4.45,1.82,9253,9578,326,Car,1,405.61,30.57,31.47,31.21,28.04,0.91,30.38,0
354,16.78,2.50,9259,9704,446,Truck,2,407.90,21.59,24.11,22.92,78.71,3.64,-1.00,0
355,4.75,2.02,9286,9603,318,Car,1,400.31,29.17,33.03,31.59,29.78,0.94,19.48,1
356,6.27,2.32,9307,9643,337,Car,2,398.99,28.99,30.12,29.70,173.78,5.99,-1.00,0
357,6.06,2.63,9317,9714,398,Car,1,406.14,23.83,27.82,25.58,45.19,1.87,17.50,0
358,4.65,1.92,9334,9645,312,Car,1,405.84,31.38,34.16,32.64,43.32,1.37,22.52,0
359,16.98,2.50,9340,9786,447,Truck,2,408.15,21.88,23.89,22.89,54.46,2.48,-1.00,0
360,4.45,1.92,9382,9735,354,Car,2,407.86,28.23,30.06,28.90,82.43,2.76,150.53,0
361,16.67,2.50,9394,9851,458,Truck,2,406.86,21.66,22.58,22.26,30.44,1.40,-1.00,0
362,13.24,2.50,9429,9844,416,Truck,1,404.46,23.84,24.75,24.37,107.64,4.51,176.73,0
363,4.55,1.92,9513,9828,316,Car,2,407.21,31.10,32.85,32.34,117.01,3.56,25.56,0
364,5.26,2.12,9526,9847,322,Car,2,407.38,30.42,32.58,31.74,11.29,0.37,-1.00,0
365,16.57,2.50,9534,9960,427,Truck,1,406.88,23.51,24.17,23.89,85.92,3.59,-1.00,0
366,14.15,2.50,9539,9992,454,Truck,2,407.65,21.97,23.09,22.50,113.90,5.04,399.06,0
367,6.37,2.53,9600,9921,322,Car,2,407.23,31.06,33.01,31.73,84.70,2.71,-1.00,0
368,4.55,1.92,9626,9869,244,Car,1,405.76,40.62,43.30,41.77,368.33,8.56,32.40,0
369,4.85,2.02,9639,9966,328,Car,2,408.38,30.85,31.63,31.24,43.99,1.39,89.02,0
370,4.75,1.92,9659,9985,327,Car,2,407.59,30.87,31.78,31.28,17.93,0.57,25.63,0
371,16.78,2.50,9667,10107,441,Truck,2,408.16,22.90,23.84,23.20,90.41,3.88,122.74,0
372,4.24,1.92,9689,10012,324,Car,2,406.98,30.50,32.24,31.52,28.20,0.90,34.36,0
373,5.05,2.12,9705,10028,324,Car,2,409.48,30.89,32.58,31.71,13.98,0.45,15.29,0
374,16.67,2.50,9799,10231,433,Truck,2,405.64,22.78,24.13,23.48,103.81,4.39,464.24,0
375,4.04,1.82,9805,10118,314,Car,2,408.40,32.34,33.32,32.64,113.76,3.51,77.68,0
376,5.05,2.12,9837,10140,304,Car,2,409.26,33.10,34.40,33.79,23.72,0.71,16.69,0
377,4.85,1.92,9863,10161,299,Car,2,408.86,33.24,35.30,34.32,23.23,0.69,23.07,0
378,7.18,2.32,9890,10186,297,Car,2,407.66,33.09,35.14,34.45,27.92,0.81,25.54,0
379,4.45,2.02,9913,10221,309,Car,1,406.31,32.68,33.43,33.00,339.70,10.21,35.70,0
380,4.85,2.02,9914,10210,297,Car,2,408.76,33.95,35.17,34.54,24.79,0.72,18.40,0
381,17.99,2.50,9925,10340,416,Truck,2,375.28,22.08,23.18,22.63,66.06,2.97,-1.00,0
382,16.78,2.50,9966,10419,454,Truck,2,407.51,21.80,23.13,22.50,51.82,2.37,-1.00,0
383,4.65,2.02,9968,10256,289,Car,2,409.38,34.16,36.65,35.56,62.50,1.72,55.13,0
384,10.81,2.50,9999,10456,458,Truck,2,408.08,21.83,23.08,22.33,19.18,0.87,197.09,0
385,4.45,1.92,10062,10360,299,Car,1,407.02,33.72,34.35,34.17,184.45,5.38,113.24,0
386,9.80,2.12,10069,10486,418,Car,2,376.46,21.75,23.17,22.58,17.40,0.75,47.76,0
387,4.35,1.82,10081,10395,315,Car,2,407.22,31.70,33.16,32.44,150.93,4.75,-1.00,0
388,4.95,1.92,10108,10420,313,Car,2,408.36,31.96,33.03,32.73,28.62,0.86,51.24,0
389,16.67,2.50,10113,10534,422,Truck,2,405.82,23.71,24.43,24.10,30.92,1.29,20.76,0
390,8.08,2.50,10164,10598,435,Truck,1,406.69,23.11,23.62,23.43,20.80,0.88,-1.00,0
391,4.75,2.12,10198,10521,324,Car,1,409.16,31.30,32.09,31.69,-1.00,-1.00,-1.00,1
392,4.35,1.82,10216,10521,306,Car,2,407.79,32.05,34.53,33.44,129.29,3.77,84.46,0
393,17.99,2.50,10257,10674,418,Truck,2,406.40,23.97,24.75,24.37,118.88,4.85,190.31,0
394,4.65,1.92,10261,10658,398,Car,1,408.75,25.41,26.30,25.76,56.34,2.21,24.02,0
395,4.35,2.02,10273,10556,284,Car,1,408.40,35.68,36.81,36.10,73.42,2.05,17.50,0
396,4.24,1.92,10277,10568,292,Car,2,407.63,33.82,35.70,35.04,62.32,1.75,17.53,0
397,4.14,1.82,10291,10707,417,Car,2,407.69,24.20,24.85,24.51,25.78,1.05,40.79,0
398,4.95,2.02,10306,10637,332,Car,2,410.58,27.39,34.03,31.03,36.56,1.33,-1.00,0
399,4.55,2.02,10365,10698,334,Car,1,404.96,26.13,33.30,30.41,38.48,1.40,10.81,0
400,4.95,2.12,10393,10653,261,Car,1,407.04,38.76,39.53,39.16,145.51,3.73,47.59,0
401,3.84,1.92,10449,10709,261,Car,1,408.23,37.27,39.86,39.27,81.29,2.06,77.20,0
402,4.65,2.02,10471,10735,265,Car,1,406.95,37.53,39.61,38.56,28.12,0.71,60.22,0
403,16.78,2.50,10472,10854,383,Truck,1,386.39,25.05,25.46,25.30,123.14,4.83,-1.00,0
404,4.04,1.82,10524,10778,255,Car,1,400.30,38.24,39.87,39.43,69.81,1.79,32.64,0
405,4.65,2.02,10556,10816,261,Car,1,407.22,38.85,39.51,39.18,45.79,1.16,68.79,0
406,6.97,2.63,10583,10929,347,Truck,2,406.93,28.81,29.91,29.41,20.47,0.69,49.58,0
407,4.04,1.82,10597,10889,293,Car,2,409.82,34.52,35.60,35.11,350.89,10.01,288.00,1
408,4.14,1.82,10612,10925,314,Car,1,402.62,31.30,34.35,32.17,71.35,2.28,11.55,0
409,4.14,1.92,10626,10906,281,Car,1,407.50,36.05,36.91,36.40,106.35,2.88,-1.00,0
410,4.35,1.82,10646,10892,247,Car,2,411.86,40.21,44.40,41.88,34.80,0.82,5.23,0
411,4.95,1.92,10655,10930,276,Car,1,408.18,35.03,38.65,37.12,28.13,0.77,18.51,0
412,4.75,1.92,10691,10940,250,Car,2,409.82,40.44,41.50,41.17,66.93,1.64,752.73,0
413,16.98,2.50,10705,11119,415,Truck,1,385.46,23.10,23.56,23.29,104.92,4.45,-1.00,0
414,15.16,2.50,10725,11140,416,Truck,2,408.20,24.10,24.95,24.60,150.53,6.24,-1.00,0
415,16.88,2.50,10752,11190,439,Truck,1,405.55,22.92,23.34,23.15,26.72,1.15,12486.34,0
416,5.05,2.12,10756,11174,419,Car,2,410.40,23.95,25.75,24.55,26.46,1.08,47.29,0
417,4.04,1.82,10773,11098,326,Car,1,407.61,30.55,32.44,31.37,176.16,5.44,-1.00,0
418,16.67,2.50,10792,11229,438,Truck,1,406.57,23.17,23.43,23.27,19.71,0.84,46.96,0
419,4.75,2.02,10836,11148,313,Car,1,399.54,31.70,32.45,32.03,65.90,2.08,52.73,0
420,6.06,2.50,10861,11273,413,Truck,1,404.91,23.98,25.04,24.58,37.56,1.56,29.42,0
421,6.06,2.43,10875,11192,318,Car,1,407.28,32.00,32.27,32.14,43.64,1.35,115.62,0
422,4.45,2.02,10895,11182,288,Car,2,410.18,35.42,35.97,35.75,330.79,9.23,-1.00,0
423,3.84,1.82,10910,11209,300,Car,2,410.88,33.93,34.94,34.37,26.65,0.77,8.04,1
424,4.75,2.12,10911,11224,314,Car,1,398.28,31.46,32.33,31.83,39.78,1.23,144.12,0
425,4.45,1.82,10931,11252,322,Car,1,406.63,31.00,32.34,31.68,22.13,0.70,35.70,0
426,4.95,2.32,10940,11371,432,Car,1,405.85,23.20,23.87,23.55,73.91,3.10,-1.00,0
427,5.15,2.12,10955,11280,326,Car,1,407.37,31.09,32.03,31.35,24.04,0.77,38.56,0
428,4.55,1.92,10990,11322,333,Car,1,407.61,29.72,32.87,30.70,37.57,1.19,37.02,0
429,4.55,2.02,11009,11340,332,Car,1,407.00,29.37,33.21,30.75,16.07,0.54,20.15,0
430,3.94,1.92,11022,11380,359,Car,1,408.42,27.91,29.34,28.53,7.29,0.25,6.10,1
431,4.24,1.82,11040,11362,323,Car,1,407.85,29.65,34.82,31.68,19.44,0.64,7.56,0
432,4.65,1.92,11076,11398,323,Car,1,405.94,26.97,35.54,31.53,14.75,0.52,6.83,0
433,4.75,2.12,11097,11416,320,Car,1,406.45,28.14,36.06,31.87,14.65,0.51,10.78,0
434,4.04,1.92,11098,11457,360,Car,1,406.39,27.64,28.53,28.30,83.00,2.97,18.76,0
435,4.75,2.12,11130,11434,305,Car,1,405.83,30.73,35.02,33.39,18.19,0.58,6.34,0
436,4.24,1.97,11201,11518,318,Car,1,406.87,29.87,33.57,32.10,70.55,2.27,20.94,0
437,4.85,1.92,11250,11542,293,Car,2,408.04,34.24,35.80,34.96,-1.00,-1.00,-1.00,0
438,12.03,2.50,11257,11676,420,Truck,2,408.08,24.05,24.66,24.36,-1.00,-1.00,-1.00,0
439,3.74,1.82,11262,11538,277,Car,1,408.30,35.20,38.94,37.00,145.01,3.95,24.14,0
440,3.84,1.72,11349,11625,277,Car,2,402.84,35.81,36.68,36.51,123.39,3.37,89.62,0
441,16.07,2.50,11368,11802,435,Truck,1,405.21,23.13,23.58,23.35,202.03,8.57,-1.00,0
442,15.87,2.50,11424,11854,431,Truck,1,404.57,23.31,23.66,23.53,33.33,1.43,107.22,0
443,9.60,2.50,11474,11907,434,Truck,1,405.12,22.81,23.57,23.40,37.98,1.62,173.49,0
444,5.15,2.02,11488,11753,266,Car,2,409.39,38.17,38.90,38.65,186.30,4.79,81.59,0
445,17.08,2.50,11491,11903,413,Truck,2,407.51,24.32,25.31,24.74,209.01,8.43,1280.33,0
446,4.75,2.02,11511,11763,253,Car,1,406.33,40.18,40.47,40.33,358.18,8.86,68.34,0
447,16.78,2.50,11561,12024,464,Truck,1,405.67,21.55,22.21,21.91,64.93,2.92,-1.00,0
448,4.35,2.02,11564,11890,327,Car,1,407.19,30.11,32.27,31.24,82.80,2.75,-1.00,0
449,4.14,1.92,11597,11922,326,Car,1,407.40,31.12,31.83,31.35,31.67,1.01,21.80,0
450,4.04,1.82,11616,11939,324,Car,1,408.47,30.46,33.70,31.63,13.55,0.43,10.04,0
451,4.45,2.02,11679,11972,294,Car,1,407.48,32.78,36.52,34.78,39.61,1.20,11.33,0
452,16.47,2.50,11692,12121,430,Truck,1,406.49,23.30,23.92,23.70,73.36,3.14,35.25,0
453,4.65,2.02,11767,12024,258,Car,1,406.94,36.84,41.18,39.60,72.68,1.92,13.29,0
454,16.67,2.50,11815,12246,432,Truck,2,406.17,23.05,24.09,23.57,24.29,1.01,-1.00,0
455,5.15,2.12,11834,12090,257,Car,1,408.77,39.33,40.39,39.95,100.93,2.50,28.93,0
456,16.98,2.50,11845,12289,445,Truck,2,408.89,22.54,23.67,23.03,10.94,0.48,-1.00,0
457,9.70,2.50,11852,12251,400,Truck,1,404.06,25.05,25.46,25.33,122.16,4.82,63.11,0
458,3.84,1.82,11861,12166,306,Car,1,409.31,32.90,34.39,33.57,38.71,1.17,-1.00,0
459,4.35,1.92,11873,12190,318,Car,2,401.76,31.29,32.06,31.70,-1.00,-1.00,-1.00,1
460,4.24,1.82,11931,12293,363,Car,1,408.80,26.35,29.41,28.24,38.65,1.46,14.76,0
461,4.65,2.02,11977,12208,232,Car,1,407.41,40.63,47.11,44.11,64.59,1.54,8.72,0
462,4.35,1.92,11992,12235,244,Car,1,404.60,41.52,41.78,41.65,23.53,0.56,4.86,1
463,5.05,2.02,12026,12316,291,Car,2,408.57,34.70,36.34,35.24,170.41,4.86,56.09,0
464,4.24,1.82,12069,12391,323,Car,2,410.27,31.08,32.24,31.87,57.82,1.86,15.15,1
465,4.85,2.02,12085,12364,280,Car,2,409.19,32.87,39.35,36.69,13.07,0.39,6.92,0
466,4.45,1.92,12106,12378,273,Car,2,409.24,36.70,38.28,37.63,14.96,0.39,7.18,0
467,16.88,2.50,12106,12535,430,Truck,2,406.57,23.06,24.24,23.70,26.84,1.16,-1.00,0
468,4.65,1.92,12157,12468,312,Car,1,408.31,32.35,33.19,32.84,223.75,6.79,34.01,0
469,5.05,2.63,12188,12569,382,Car,1,399.43,25.73,26.97,26.22,31.35,1.20,-1.00,0
470,4.55,1.92,12198,12522,325,Car,1,406.21,31.09,31.64,31.36,61.63,1.95,-1.00,1
471,5.26,2.02,12247,12559,313,Car,2,410.16,32.09,33.15,32.88,205.27,6.39,-1.00,0
472,5.36,2.22,12337,12597,261,Car,1,398.26,37.60,38.68,38.32,142.94,3.70,20.41,0
473,4.95,1.92,12349,12644,296,Car,1,408.39,33.00,35.71,34.63,44.38,1.27,13.25,1
474,4.45,1.92,12439,12768,330,Car,2,409.53,30.91,31.43,31.14,284.56,9.16,41.68,0
475,3.84,1.82,12474,12780,307,Car,1,406.36,31.70,35.00,33.21,163.09,4.66,31.96,0
476,4.55,1.92,12491,12739,249,Car,1,407.46,38.80,42.48,41.10,156.55,3.73,23.66,0
477,8.59,2.50,12510,12918,409,Truck,1,392.83,23.80,24.39,24.08,40.40,1.65,-1.00,0
478,4.24,1.92,12538,12746,209,Car,2,410.38,46.46,53.18,49.36,74.76,1.56,4.47,1
479,5.15,2.07,12553,12683,131,Car,2,330.50,60.64,65.20,63.50,317.40,4.88,9.95,0
480,5.66,2.53,12621,12914,294,Car,1,397.74,33.01,34.28,33.95,202.29,5.96,-1.00,0
481,12.03,2.50,12639,13053,415,Truck,1,403.18,24.18,24.55,24.36,107.45,4.41,185.65,0
482,4.24,1.82,12665,12958,294,Car,1,400.20,33.63,35.03,34.16,55.66,1.60,30.66,0
483,4.55,1.92,12684,12983,300,Car,1,405.68,33.43,34.61,33.94,18.15,0.53,24.48,0
484,12.03,2.50,12694,13078,385,Truck,1,389.00,24.09,25.62,25.34,27.70,1.12,26.09,0
485,4.65,1.92,12748,13035,288,Car,1,406.10,34.72,36.48,35.40,67.37,1.94,31.60,0
486,4.04,1.82,12755,13043,289,Car,2,402.15,33.78,35.55,34.93,387.49,11.43,157.99,0
487,4.65,1.92,12767,13055,289,Car,1,404.16,34.56,35.36,35.10,21.11,0.59,45.16,0
488,4.14,1.92,12781,13089,309,Car,2,408.12,32.95,33.34,33.15,32.79,0.98,-1.00,1
489,8.99,2.50,12790,13197,408,Truck,2,406.55,24.40,25.23,24.98,16.49,0.67,-1.00,0
490,4.55,2.02,12804,13049,246,Car,2,408.85,36.90,46.14,41.75,21.45,0.56,4.66,0
491,15.46,2.50,12821,13216,396,Truck,1,385.01,24.20,24.65,24.38,113.58,4.60,497.65,0
492,4.85,1.92,12847,13102,256,Car,2,408.93,37.05,42.90,40.13,59.84,1.61,-1.00,0
493,4.65,1.92,12847,13265,419,Car,1,405.82,23.87,24.79,24.28,22.32,0.90,87.81,0
494,5.05,2.02,12876,13123,248,Car,2,407.58,38.48,43.17,41.29,32.50,0.75,37.00,0
495,8.08,2.50,12884,13306,423,Truck,2,406.84,23.87,24.51,24.11,84.13,3.52,-1.00,0
496,5.46,2.22,12906,13174,269,Car,2,400.19,35.57,38.92,37.36,40.44,1.13,-1.00,0
497,4.95,2.12,12907,13313,407,Car,1,406.67,24.54,25.50,25.05,41.69,1.69,33.66,0
498,4.85,2.02,12932,13210,279,Car,2,408.28,34.79,38.97,36.74,31.89,0.91,-1.00,0
499,3.94,1.82,12950,13204,255,Car,1,407.07,39.72,40.60,40.09,233.95,5.83,41.94,0
500,12.13,2.50,12954,13380,427,Truck,2,406.26,23.63,24.15,23.85,54.79,2.28,1441.10,0
501,4.85,1.92,12971,13257,287,Car,2,409.30,34.07,38.27,35.80,50.32,1.47,-1.00,0
502,5.05,2.02,13001,13277,277,Car,2,409.16,35.18,39.98,37.07,24.20,0.68,6.46,0
503,5.46,2.83,13035,13415,381,Car,1,406.35,25.22,28.24,26.74,99.03,3.76,38.73,0
504,16.47,2.50,13083,13538,456,Truck,2,406.58,21.45,23.33,22.35,105.91,4.93,-1.00,0
505,4.24,1.92,13146,13482,337,Car,1,401.19,29.28,30.18,29.86,80.98,2.73,18.21,1
506,4.14,1.82,13173,13441,269,Car,2,408.90,37.33,38.89,38.16,246.74,6.49,209.19,0
507,15.87,2.50,13191,13632,442,Truck,1,405.05,22.77,23.12,22.97,11.22,0.49,-1.00,0
508,10.81,2.50,13242,13693,452,Truck,1,404.21,22.07,22.60,22.42,35.52,1.57,-1.00,0
509,4.95,1.92,13265,13587,323,Car,1,400.83,30.72,31.42,31.13,-1.00,-1.00,-1.00,1
510,4.55,1.92,13274,13558,285,Car,2,407.78,35.04,36.52,35.92,147.55,4.14,-1.00,0
511,5.05,1.92,13303,13630,328,Car,1,407.97,31.04,31.89,31.20,42.22,1.34,110.37,0
512,16.98,2.50,13373,13814,442,Truck,2,407.72,22.77,23.38,23.12,238.97,10.37,1234.12,0
513,17.08,2.50,13385,13793,409,Truck,1,403.80,24.54,25.06,24.76,81.13,3.29,31.73,0
514,16.57,2.50,13449,13888,440,Truck,2,407.18,22.67,23.56,23.20,52.37,2.27,775.34,0
515,6.27,2.32,13502,13932,431,Car,2,408.67,23.52,24.11,23.77,35.17,1.47,47.32,0
516,7.48,2.50,13587,14003,417,Truck,1,403.64,23.99,24.71,24.27,193.15,7.81,-1.00,0
517,16.78,2.50,13600,14058,459,Truck,2,409.25,21.28,22.74,22.36,77.74,3.65,-1.00,0
518,5.05,2.02,13627,13838,212,Car,2,409.00,46.76,49.90,48.49,-1.00,-1.00,-1.00,0
519,16.98,2.50,13666,14065,400,Truck,1,384.61,23.93,24.22,24.11,60.50,2.49,2331.61,0
520,4.55,2.02,13683,13965,283,Car,1,408.45,35.91,36.45,36.23,-1.00,-1.00,-1.00,0
521,6.16,2.43,13779,14078,300,Car,2,408.88,33.62,34.79,34.21,72.11,2.10,6.15,1
522,5.05,2.12,13800,14085,286,Car,1,407.62,35.46,36.10,35.78,164.54,4.59,2483.53,0
523,4.55,1.92,13838,14142,305,Car,1,407.40,33.12,33.80,33.51,49.42,1.48,-1.00,0
524,4.85,1.92,13846,14118,273,Car,2,406.12,36.51,37.74,37.34,54.75,1.48,20.33,0
525,16.88,2.50,13873,14277,405,Truck,1,403.38,24.75,25.24,24.98,174.93,6.97,155.30,0
526,16.67,2.50,13991,14415,425,Truck,2,404.98,23.24,24.12,23.89,326.93,13.84,374.28,0
527,6.97,2.50,14049,14464,416,Truck,1,402.76,24.09,24.44,24.27,169.36,6.93,-1.00,0
528,3.64,1.82,14069,14411,343,Car,2,407.27,29.29,30.01,29.79,331.77,11.32,-1.00,0
529,4.65,2.02,14111,14504,394,Car,1,406.61,24.40,27.18,25.88,33.74,1.37,16.04,0
530,16.78,2.50,14131,14563,433,Truck,2,406.15,23.02,24.07,23.51,116.53,5.06,-1.00,0
531,4.65,2.02,14142,14413,272,Car,1,407.05,37.20,37.76,37.57,403.16,10.72,89.84,0
532,4.95,2.02,14150,14554,405,Car,1,407.45,23.52,26.11,25.22,33.96,1.44,28.06,0
533,5.26,1.92,14168,14607,440,Car,2,408.12,22.84,24.46,23.25,29.32,1.28,282.93,0
534,4.85,1.82,14172,14483,312,Car,2,408.29,32.43,33.51,32.84,90.77,2.74,28.60,0
535,4.45,2.02,14175,14447,273,Car,1,405.88,37.05,37.61,37.32,44.42,1.19,-1.00,0
536,12.53,2.50,14219,14644,426,Truck,2,405.99,23.83,24.04,23.90,23.11,0.96,25.34,0
537,5.05,2.02,14292,14592,301,Car,1,397.97,33.01,33.44,33.18,52.96,1.60,7.34,0
538,4.95,2.02,14314,14583,270,Car,1,406.16,37.23,38.11,37.77,198.45,5.22,190.33,0
539,18.19,2.50,14359,14774,416,Truck,1,404.78,24.28,24.49,24.39,15.68,0.64,-1.00,0
540,4.35,1.92,14389,14697,309,Car,2,400.48,31.39,33.62,32.52,72.80,2.18,7.70,1
541,4.45,2.12,14397,14723,327,Car,1,399.15,30.33,30.82,30.62,121.47,4.00,-1.00,1
542,4.75,1.92,14490,14768,279,Car,1,408.57,36.30,37.35,36.77,61.31,1.68,10.48,0
543,4.45,2.02,14636,14944,309,Car,1,406.51,32.51,33.41,33.01,209.96,6.45,25.42,1
544,12.23,2.50,14641,15058,418,Truck,1,405.11,24.09,24.54,24.30,20.66,0.84,1539.74,0
545,5.05,2.02,14655,14993,339,Car,1,407.26,29.16,32.02,30.13,20.50,0.64,-1.00,1
546,4.75,1.92,14669,15016,348,Car,1,407.29,28.32,30.33,29.36,15.21,0.53,5.50,1
547,4.14,1.82,14677,15030,354,Car,2,407.92,28.48,29.48,28.91,-1.00,-1.00,-1.00,0
548,4.75,2.12,14721,15034,314,Car,1,404.97,30.31,33.39,32.35,17.92,0.58,8.27,0
549,4.75,2.02,14733,14979,247,Car,2,410.18,41.04,42.44,41.72,-1.00,-1.00,-1.00,0
550,4.35,2.02,14766,15069,304,Car,1,407.59,33.11,34.11,33.64,41.25,1.24,14.32,0
551,4.04,1.82,14792,15074,283,Car,2,408.25,35.50,36.87,36.21,92.23,2.60,-1.00,0
552,4.14,1.92,14799,15161,363,Car,1,408.16,27.87,28.45,28.20,109.57,3.90,28.53,0
553,16.78,2.50,14829,15283,455,Truck,2,408.01,22.05,22.91,22.48,157.10,7.12,-1.00,0
554,3.74,1.92,14836,15133,298,Car,1,405.98,33.17,34.57,34.19,23.27,0.68,4.11,1
555,16.78,2.50,14906,15370,465,Truck,2,408.54,21.67,23.13,22.02,51.24,2.36,-1.00,0
556,4.75,1.92,14910,15235,326,Car,1,406.36,28.92,32.57,31.27,83.39,2.77,25.21,0
557,4.75,2.12,14975,15195,221,Car,1,406.29,42.14,49.91,46.19,101.74,2.29,9.62,0
558,5.05,2.02,15006,15219,214,Car,1,408.41,44.58,49.72,47.96,37.76,0.83,11.48,0
559,4.65,2.02,15014,15311,298,Car,1,407.74,33.53,35.00,34.33,97.43,2.85,18.68,0
560,4.85,1.92,15038,15249,212,Car,1,403.46,45.95,49.36,47.82,50.05,1.07,26.30,0
561,4.95,1.92,15054,15318,265,Car,2,409.12,36.95,39.56,38.76,373.50,10.00,775.70,0
562,4.55,1.92,15055,15379,325,Car,2,402.41,29.87,32.51,31.06,26.47,0.83,3.77,1
563,3.94,1.82,15087,15351,265,Car,2,409.15,36.13,40.73,38.77,45.73,1.24,70.28,0
564,16.27,2.50,15135,15573,439,Truck,2,407.73,22.63,23.68,23.28,80.84,3.57,239.07,0
565,5.05,2.22,15150,15469,320,Car,1,405.73,31.39,32.20,31.82,180.95,5.62,-1.00,0
566,3.84,1.82,15158,15441,284,Car,2,407.87,35.55,36.42,36.05,78.84,2.17,19.75,0
567,3.74,1.72,15177,15456,280,Car,2,410.04,35.73,37.39,36.76,17.25,0.47,16.60,0
568,11.12,2.50,15204,15611,408,Truck,1,390.76,23.75,24.21,24.01,35.06,1.46,-1.00,0
569,4.35,2.02,15212,15491,280,Car,2,408.82,35.51,37.55,36.64,45.67,1.28,30.73,0
570,5.46,2.22,15245,15535,291,Car,1,405.09,34.72,35.19,34.94,86.35,2.48,26.29,1
571,16.78,2.50,15329,15767,439,Truck,2,408.29,22.84,23.73,23.31,37.11,1.58,-1.00,0
572,3.74,1.82,15348,15667,320,Car,2,408.66,30.67,33.70,32.04,193.39,6.30,-1.00,0
573,4.35,2.02,15376,15694,319,Car,2,401.90,30.16,33.26,31.62,29.87,0.99,-1.00,1
574,10.81,2.32,15390,15833,444,Car,2,409.78,23.00,23.56,23.14,46.19,2.00,1118.23,0
575,3.84,1.92,15415,15806,392,Car,1,405.82,25.65,26.46,25.96,182.41,7.06,80.88,0
576,16.88,2.50,15438,15889,452,Truck,2,408.07,21.82,23.24,22.62,25.79,1.18,-1.00,0
577,16.88,2.50,15507,15951,445,Truck,2,408.10,22.56,23.43,22.99,40.35,1.75,66.92,0
578,3.94,1.82,15631,15986,356,Car,1,407.29,28.44,29.06,28.69,201.61,7.03,66.51,0
579,6.47,2.63,15757,16055,299,Car,1,406.35,31.67,36.74,34.10,82.63,2.54,16.74,0
580,15.97,2.50,15764,16200,437,Truck,2,407.77,22.93,23.88,23.39,218.05,9.33,1187.46,0
581,4.24,1.82,15821,16119,299,Car,1,406.07,32.49,35.24,34.08,78.58,2.35,45.64,1
582,9.20,2.50,15821,16267,447,Truck,1,403.97,22.43,22.80,22.65,20.12,0.89,-1.00,0
583,4.95,2.02,15876,16142,267,Car,2,400.65,37.04,38.04,37.68,-1.00,-1.00,-1.00,0
584,8.19,2.50,15896,16349,454,Truck,1,405.92,22.20,22.50,22.40,61.03,2.74,-1.00,0
585,2.93,1.92,15903,16227,325,Car,1,398.90,30.23,30.97,30.77,-1.00,-1.00,-1.00,1
586,4.95,1.92,15925,16185,261,Car,2,407.66,36.89,41.55,39.22,15.49,0.39,3.38,1
587,4.75,1.82,15930,16161,232,Car,2,407.69,41.69,47.80,44.15,20.19,0.48,4.95,0
588,19.30,2.50,15945,16396,452,Truck,1,403.87,22.09,22.57,22.39,23.60,1.05,87.56,0
589,4.14,1.82,15956,16264,309,Car,1,407.94,32.37,33.63,33.13,39.02,1.20,17.78,0
590,5.46,2.32,16012,16286,275,Car,1,407.42,35.85,38.04,37.20,25.75,0.71,6.61,0
591,11.93,2.50,16042,16481,440,Truck,2,408.60,22.72,23.57,23.27,177.54,7.81,-1.00,0
592,6.06,2.53,16083,16426,344,Car,1,407.29,26.51,31.23,29.69,24.53,0.90,4.81,0
593,4.35,1.92,16084,16398,315,Car,2,409.78,32.18,33.14,32.64,251.88,7.82,-1.00,0
594,5.05,2.02,16095,16364,270,Car,1,408.79,37.24,38.68,38.02,111.12,2.98,67.47,0
595,9.80,2.50,16095,16532,438,Truck,2,408.45,22.94,23.94,23.38,38.58,1.64,474.16,0
596,4.75,2.22,16108,16404,297,Car,1,408.30,33.61,35.12,34.50,15.31,0.43,3.72,1
597,4.80,1.82,16148,16473,326,Car,2,408.06,30.57,31.75,31.40,76.63,2.50,-1.00,0
598,5.05,2.12,16279,16494,216,Car,2,401.23,40.97,48.69,46.68,37.17,0.87,3.29,0
599,16.98,2.50,16303,16738,436,Truck,1,403.90,22.99,23.35,23.22,251.40,10.77,-1.00,0
600,4.14,1.82,16341,16780,440,Car,1,406.71,22.65,23.65,23.17,33.79,1.47,106.29,0
601,16.88,2.50,16376,16816,441,Truck,1,404.83,22.88,23.40,23.01,12.22,0.53,22.85,0
602,5.26,2.02,16414,16638,225,Car,2,401.70,44.00,46.16,44.87,250.12,5.53,58.45,0
603,4.45,1.92,16420,16695,276,Car,1,408.33,36.68,37.66,37.14,-1.00,-1.00,-1.00,0
604,4.45,1.92,16441,16685,245,Car,2,408.39,40.97,42.50,41.87,253.92,6.08,14.28,0
605,4.04,1.92,16441,16717,277,Car,1,407.67,35.89,38.86,36.94,24.46,0.65,21.40,0
606,4.35,1.92,16442,16877,436,Car,1,407.31,23.20,23.54,23.42,52.64,2.25,94.33,0
607,4.35,1.92,16470,16783,314,Car,1,408.13,31.92,32.91,32.61,20.31,0.63,2.32,1
608,5.05,2.32,16531,16806,276,Car,1,407.83,35.62,38.92,37.09,27.80,0.77,2.35,1
609,3.74,1.82,16583,16822,240,Car,1,405.29,38.43,46.23,42.41,20.91,0.54,6.18,0
610,4.45,2.02,16777,17046,270,Car,1,406.80,37.31,38.25,37.82,249.59,6.56,17.21,0
611,12.23,2.50,16841,17245,405,Truck,1,406.13,24.88,25.32,25.14,24.80,0.98,-1.00,0
612,4.14,2.02,16845,17152,308,Car,1,405.17,31.98,33.58,33.00,119.90,3.61,-1.00,1
613,19.91,2.50,16893,17344,452,Truck,2,407.86,22.18,23.44,22.61,50.60,2.23,-1.00,0
614,4.75,2.02,16924,17229,306,Car,2,408.05,31.83,35.61,33.47,-1.00,-1.00,-1.00,1
615,16.78,2.50,16961,17389,429,Truck,2,407.59,23.41,24.19,23.82,25.02,1.06,20.76,0
616,4.35,2.02,17010,17320,311,Car,1,400.26,29.70,33.79,32.30,93.68,3.04,14.63,0
617,16.67,2.50,17011,17431,421,Truck,2,405.54,23.66,24.59,24.15,25.64,1.07,51.72,0
618,4.35,1.82,17050,17312,263,Car,1,396.91,37.57,38.38,37.90,16.95,0.45,2.96,1
619,4.75,1.92,17050,17332,283,Car,2,408.48,34.73,37.02,36.23,151.31,4.18,90.19,0
620,7.18,2.43,17082,17501,420,Car,2,408.34,23.76,24.86,24.37,60.45,2.46,89.27,0
621,3.94,1.82,17093,17380,288,Car,1,407.50,32.15,37.19,35.50,65.22,1.75,15.21,0
622,4.45,1.82,17099,17371,273,Car,2,409.25,37.24,38.69,37.63,55.81,1.46,32.86,0
623,4.85,2.02,17101,17327,227,Car,1,406.94,40.59,47.36,45.05,12.39,0.30,3.67,0
624,5.05,2.83,17134,17421,288,Car,1,406.13,35.11,35.69,35.40,51.92,1.48,17.47,0
625,12.23,2.50,17170,17603,434,Truck,2,407.61,22.36,24.73,23.54,71.74,3.20,-1.00,0
626,4.85,2.02,17182,17448,267,Car,2,409.14,38.28,38.77,38.47,113.66,2.94,131.19,0
627,16.88,2.50,17222,17672,451,Truck,2,407.86,21.95,23.80,22.67,29.01,1.32,-1.00,0
628,4.75,1.92,17253,17556,304,Car,2,386.04,28.94,33.40,31.84,81.26,2.80,-1.00,0
629,4.24,1.82,17254,17596,343,Car,2,409.57,28.76,31.25,29.96,20.34,0.70,-1.00,0
630,4.35,2.02,17349,17638,290,Car,1,407.31,35.07,35.41,35.26,-1.00,-1.00,-1.00,1
631,20.52,2.50,17367,17813,447,Truck,1,403.28,22.14,23.23,22.61,47.19,2.08,-1.00,0
632,4.45,1.92,17399,17681,283,Car,1,406.35,34.64,37.21,36.04,55.96,1.58,31.75,1
633,4.24,1.92,17400,17689,290,Car,2,410.63,33.52,36.54,35.54,130.64,3.60,26.22,0
634,4.95,1.92,17433,17720,288,Car,2,408.92,33.44,36.30,35.64,38.99,1.10,161.62,0
635,16.88,2.50,17436,17872,437,Truck,1,405.03,23.02,23.39,23.23,36.34,1.57,39.48,0
636,5.15,2.22,17457,17764,308,Car,2,409.44,30.92,35.14,33.36,26.86,0.87,-1.00,0
637,3.03,1.72,17475,17905,431,Car,1,406.06,23.25,24.02,23.62,28.29,1.20,43.36,0
638,4.75,2.22,17486,17824,339,Car,2,407.69,29.72,30.97,30.16,30.11,0.98,26.82,1
639,8.69,2.50,17503,17952,450,Truck,2,407.38,22.23,23.06,22.69,21.87,0.98,-1.00,0
640,4.65,1.82,17507,17819,313,Car,2,408.72,29.60,35.43,32.77,21.27,0.71,-1.00,0
641,4.95,2.02,17512,17732,221,Car,1,404.64,45.83,46.12,46.01,133.86,2.91,12.75,0
642,4.75,2.02,17526,17839,314,Car,2,408.38,30.09,34.83,32.64,17.77,0.59,166.41,0
643,12.23,2.50,17528,17930,403,Truck,1,387.95,23.32,24.41,24.14,27.56,1.16,27.81,0
644,4.65,2.02,17557,17870,314,Car,2,408.20,30.04,35.41,32.62,32.73,1.07,634.71,0
645,5.26,2.22,17584,17892,309,Car,2,407.57,30.87,35.56,33.10,24.67,0.73,44.03,0
646,16.78,2.50,17612,18062,451,Truck,1,403.59,22.30,22.58,22.43,63.51,2.81,-1.00,0
647,8.08,2.50,17636,18059,424,Truck,2,406.01,23.48,24.61,24.01,97.34,4.02,80.41,0
648,3.74,1.92,17644,17949,306,Car,1,399.56,32.63,32.91,32.78,241.44,7.33,-1.00,0
649,4.95,2.12,17663,17967,305,Car,1,397.17,32.22,33.15,32.67,17.91,0.55,45.00,0
650,16.67,2.50,17680,18119,440,Truck,1,383.85,21.73,22.29,21.87,44.31,1.98,-1.00,0
651,4.45,1.82,17720,18015,296,Car,2,408.79,33.63,35.70,34.66,167.56,4.83,194.78,0
652,10.41,2.50,17726,18191,466,Truck,1,404.20,21.14,22.17,21.74,30.39,1.38,182.13,0
653,4.65,2.02,17754,18030,277,Car,1,404.35,36.06,37.16,36.64,81.46,2.19,20.33,0
654,4.24,1.92,17827,18090,264,Car,1,396.79,37.04,38.68,37.75,92.31,2.47,39.76,0
655,4.65,1.92,17873,18158,286,Car,1,404.56,34.85,35.90,35.51,65.64,1.84,-1.00,0
656,4.14,1.82,17916,18177,262,Car,2,407.59,37.26,39.63,39.06,178.19,4.50,11.89,0
657,3.74,1.82,17942,18256,315,Car,1,407.19,32.28,32.58,32.44,96.96,2.99,-1.00,0
658,4.65,2.02,18001,18263,263,Car,2,406.51,38.59,39.06,38.81,128.04,3.31,88.86,1
659,3.94,1.92,18013,18353,341,Car,2,407.48,29.44,30.06,29.97,25.82,0.86,-1.00,0
660,5.15,2.02,18018,18257,240,Car,2,399.49,39.67,47.16,41.81,18.19,0.45,10.41,0
661,16.98,2.50,18036,18469,434,Truck,1,405.20,23.08,23.55,23.40,240.98,10.23,99.81,0
662,4.04,1.82,18037,18319,283,Car,2,401.69,33.39,36.46,35.63,23.25,0.69,5.84,2
663,4.35,2.02,18229,18540,312,Car,1,400.52,31.49,33.29,32.21,92.50,2.91,10.59,0
664,5.05,2.22,18267,18523,257,Car,1,405.97,39.43,39.85,39.67,-1.00,-1.00,-1.00,0
665,4.85,1.92,18316,18625,310,Car,2,409.28,31.88,33.83,33.13,356.71,11.08,164.38,0
666,4.45,2.02,18343,18661,319,Car,1,407.16,31.25,32.38,32.02,141.74,4.41,227.04,0
667,4.35,1.92,18379,18690,312,Car,2,400.48,31.87,32.53,32.22,75.35,2.36,-1.00,0
668,4.14,1.92,18521,18839,319,Car,1,407.07,30.81,32.57,32.01,23.56,0.73,206.64,0
669,4.55,2.02,18535,18796,262,Car,1,406.61,37.79,39.70,38.97,-1.00,-1.00,-1.00,1
670,4.45,2.02,18571,18996,426,Car,1,407.07,23.75,24.20,23.95,13.33,0.56,-1.00,0
671,13.44,2.50,18593,19047,455,Truck,2,407.18,22.06,22.81,22.43,261.41,11.85,-1.00,0
672,4.45,2.02,18615,18857,243,Car,1,396.44,40.63,41.52,40.98,112.47,2.74,49.75,0
673,14.35,2.50,18630,19083,454,Truck,2,406.74,22.25,22.61,22.45,16.28,0.72,70.44,0
674,17.38,2.50,18633,19058,426,Truck,1,405.83,23.68,24.04,23.88,40.42,1.68,387.00,0
675,4.24,2.02,18660,18970,311,Car,1,398.46,31.79,32.50,32.14,70.60,2.17,-1.00,1
676,8.08,2.50,18681,19129,449,Truck,2,406.35,22.06,23.16,22.69,32.38,1.42,39.52,0
677,9.90,2.50,18682,19096,415,Truck,1,404.80,23.66,24.69,24.45,27.63,1.15,40.39,0
678,4.55,2.22,18720,19015,296,Car,1,404.02,33.74,34.48,34.24,50.34,1.48,22.74,0
679,4.65,2.02,18749,19014,266,Car,2,400.73,36.51,40.31,37.83,-1.00,-1.00,-1.00,0
680,15.16,2.50,18751,19181,431,Truck,2,407.19,23.16,24.03,23.68,32.80,1.39,19.26,0
681,4.45,1.92,18778,19047,270,Car,1,406.63,37.25,38.89,37.80,43.99,1.16,10.79,0
682,4.55,2.02,18809,19081,273,Car,2,408.75,37.31,38.23,37.59,82.08,2.19,103.65,0
683,3.74,1.92,18834,19104,271,Car,2,408.62,37.12,38.30,37.86,30.94,0.81,35.11,0
684,4.65,1.92,18857,19159,303,Car,2,408.40,31.99,35.05,33.83,29.09,0.91,-1.00,0
685,4.85,2.02,18970,19251,282,Car,1,406.92,34.22,37.58,36.22,214.15,5.87,16.74,0
686,16.88,2.50,19038,19477,440,Truck,2,407.62,22.89,23.62,23.22,52.28,2.24,-1.00,0
687,4.55,1.92,19044,19360,317,Car,1,405.81,30.90,32.96,32.11,104.24,3.16,-1.00,0
688,4.95,2.02,19072,19368,297,Car,2,408.37,33.86,35.19,34.51,284.96,8.33,252.99,1
689,16.17,2.50,19125,19548,424,Truck,2,404.99,23.48,24.22,23.95,52.88,2.20,60.90,0
690,4.95,2.02,19180,19398,219,Car,2,408.30,45.13,49.29,46.86,88.71,1.90,7.46,0
691,4.45,1.92,19186,19530,345,Car,1,399.72,28.31,29.70,29.06,181.34,6.10,-1.00,0
692,4.65,2.02,19246,19547,302,Car,1,400.56,32.79,33.65,33.29,17.70,0.54,3.90,0
693,4.95,2.12,19269,19551,283,Car,1,407.73,35.95,36.48,36.17,-1.00,-1.00,-1.00,0
694,3.54,1.82,19290,19688,399,Car,1,407.40,25.38,25.99,25.60,54.95,2.11,-1.00,0
695,18.80,2.50,19322,19740,419,Truck,2,384.87,22.35,23.46,23.02,170.55,7.63,-1.00,0
696,4.45,2.12,19345,19517,173,Car,2,375.54,53.22,56.63,54.58,262.85,4.85,32.09,0
697,4.75,2.02,19350,19794,445,Car,2,408.08,22.48,23.43,22.99,21.48,0.94,119.56,0
698,4.14,1.82,19370,19689,320,Car,1,408.04,31.10,33.09,32.00,31.79,0.98,4.64,1
699,6.77,2.43,19384,19830,447,Car,2,408.76,22.04,23.22,22.92,23.88,1.06,211.04,0
700,3.74,1.82,19395,19715,321,Car,1,400.01,30.82,32.10,31.27,26.41,0.85,6.01,0
701,4.85,2.02,19409,19798,390,Car,2,409.58,22.23,30.20,26.33,16.26,0.66,11.51,1
702,4.55,2.02,19424,19612,189,Car,2,408.37,52.67,55.79,54.34,191.98,3.58,-1.00,0
703,4.65,1.92,19432,19786,355,Car,1,407.62,28.16,29.59,28.80,41.49,1.40,-1.00,0
704,3.54,1.72,19451,19816,366,Car,1,404.64,26.74,28.52,27.72,16.98,0.59,-1.00,0
705,4.35,1.92,19472,19794,323,Car,1,404.57,28.93,33.42,31.42,9.03,0.28,3.23,1
706,5.15,2.22,19485,19777,293,Car,1,403.93,33.69,35.75,34.60,115.50,3.42,39.79,0
707,4.95,2.12,19513,19868,356,Car,2,399.74,27.43,28.64,28.16,46.56,1.63,8.83,0
708,4.55,2.12,19517,19819,303,Car,1,406.83,32.14,35.54,33.70,26.90,0.81,8.88,0
709,17.48,2.50,19534,19951,418,Truck,1,404.38,22.97,24.66,24.25,8.00,0.32,-1.00,0
710,4.35,2.02,19559,19894,336,Car,1,406.62,27.34,32.46,30.36,54.50,1.68,29.37,1
711,4.45,1.92,19573,19876,304,Car,1,404.85,32.58,35.86,33.43,5.58,0.17,2.04,0
712,12.13,2.50,19576,19990,415,Truck,1,404.22,24.26,24.49,24.42,26.35,1.08,19.95,0
713,4.65,2.02,19588,19888,301,Car,1,404.68,32.26,34.50,33.74,10.26,0.30,9.28,0
714,4.55,2.02,19606,19911,306,Car,1,406.76,31.28,35.02,33.36,20.23,0.64,26.85,0
715,3.54,1.72,19632,19941,310,Car,2,409.26,32.71,33.52,33.13,84.22,2.55,18.82,1
716,3.54,1.92,19634,19987,354,Car,1,407.03,27.75,31.14,28.84,12.97,0.46,13.23,1
717,4.85,2.02,19649,19939,291,Car,1,377.08,29.53,35.88,32.52,18.69,0.61,24.17,0
718,11.72,2.50,19670,20079,410,Truck,2,407.94,24.28,25.35,24.94,28.90,1.14,-1.00,0
719,4.75,1.92,19691,19957,267,Car,2,408.63,37.78,39.44,38.43,46.20,1.22,10.34,0
720,6.06,2.63,19716,20067,352,Car,1,397.82,28.21,28.73,28.34,88.54,3.14,23.16,0
721,4.85,2.02,19723,20014,292,Car,2,399.64,34.05,34.62,34.35,43.53,1.27,-1.00,1
722,4.75,1.92,19779,20031,253,Car,2,409.16,39.76,41.95,40.61,30.48,0.74,4.33,0
723,4.24,1.92,19796,20088,293,Car,1,407.39,34.01,35.61,34.89,133.75,3.86,23.85,0
724,4.95,2.02,19816,20064,249,Car,2,408.05,39.16,43.17,41.17,51.53,1.21,75.30,0
725,18.90,2.50,19955,20369,415,Truck,1,405.12,24.34,24.57,24.47,251.89,10.25,-1.00,0
726,4.35,2.02,19989,20302,314,Car,2,408.25,31.88,33.23,32.63,276.79,8.68,-1.00,0
727,4.65,1.82,20014,20328,315,Car,2,408.31,31.39,32.91,32.52,27.51,0.87,130.22,0
728,19.10,2.50,20043,20456,414,Truck,2,405.95,23.96,25.14,24.58,351.06,14.61,-1.00,0
729,4.65,1.92,20125,20353,229,Car,2,400.63,40.34,45.04,43.95,43.33,1.03,4.67,0
730,7.07,2.63,20132,20485,354,Car,1,403.09,28.03,28.87,28.56,122.73,4.31,30.87,0
731,4.35,2.02,20145,20400,256,Car,1,405.94,39.53,40.07,39.83,-1.00,-1.00,-1.00,0
732,4.55,2.02,20148,20368,221,Car,2,398.92,43.98,46.45,45.35,23.87,0.52,4.44,0
733,4.35,2.02,20156,20430,275,Car,2,401.55,35.21,38.53,36.66,12.26,0.34,2.55,1
734,4.24,2.12,20175,20491,317,Car,1,405.63,31.67,32.55,32.11,36.26,1.12,10.24,1
735,4.65,2.02,20176,20401,226,Car,2,399.85,42.06,45.84,44.46,45.54,1.08,84.90,0
736,4.45,2.02,20255,20568,314,Car,1,405.46,31.53,33.73,32.40,100.88,3.18,27.13,0
737,4.35,2.12,20278,20536,259,Car,1,404.40,38.38,39.71,39.21,65.52,1.69,9.34,0
738,4.85,2.02,20315,20573,259,Car,1,405.16,37.11,40.44,39.28,49.42,1.26,52.14,0
739,4.75,2.02,20333,20677,345,Car,1,407.20,28.56,30.02,29.61,101.11,3.40,-1.00,0
740,4.95,2.02,20371,20629,259,Car,1,405.63,38.21,39.80,39.32,81.78,2.10,44.92,0
741,4.45,1.82,20399,20706,308,Car,2,407.81,31.70,34.53,33.22,349.12,11.01,-1.00,0
742,5.05,2.12,20400,20658,259,Car,1,399.14,37.85,39.12,38.70,41.48,1.09,102.89,0
743,9.20,2.50,20426,20863,438,Truck,2,406.80,22.84,23.64,23.28,16.92,0.73,-1.00,0
744,6.06,2.43,20431,20768,338,Car,2,408.69,30.01,30.69,30.33,34.43,1.14,-1.00,1
745,4.95,2.02,20433,20702,270,Car,1,407.57,37.49,38.15,37.90,45.38,1.21,-1.00,0
746,4.24,1.92,20458,20731,274,Car,1,407.46,36.34,38.12,37.33,32.75,0.87,94.84,0
747,4.04,1.82,20472,20910,439,Car,2,409.66,22.88,23.90,23.39,39.98,1.70,305.04,0
748,4.24,1.92,20477,20748,272,Car,1,406.56,36.03,38.30,37.52,20.82,0.57,17.78,0
749,9.10,2.50,20495,20913,419,Truck,1,404.72,23.74,24.53,24.22,30.91,1.27,-1.00,0
750,5.05,2.32,20503,20789,287,Car,1,406.19,35.18,35.93,35.52,34.61,0.96,22.50,1
751,5.05,2.22,20537,20959,423,Car,1,406.36,23.76,24.43,24.09,36.92,1.54,175.03,0
752,4.75,2.22,20544,20810,267,Car,1,407.44,35.46,40.61,38.32,54.69,1.50,21.97,0
753,4.24,2.02,20556,20950,395,Car,1,408.02,23.46,30.39,25.90,2.42,0.08,0.56,1
754,3.74,2.12,20587,20903,317,Car,1,406.15,31.61,32.80,32.15,56.31,1.71,-1.00,0
755,4.35,1.92,20598,20863,266,Car,2,401.29,36.42,39.21,37.87,243.31,6.46,77.73,0
756,3.94,1.92,20598,20997,400,Car,1,405.34,24.83,26.37,25.41,26.39,1.04,11.60,0
757,3.54,1.92,20622,20927,306,Car,1,407.08,32.72,34.70,33.38,27.68,0.84,20.71,0
758,5.36,2.22,20680,20975,296,Car,2,407.29,33.87,34.75,34.54,115.43,3.40,-1.00,0
759,15.16,2.50,20683,21116,434,Truck,2,407.79,22.89,23.98,23.55,178.49,7.63,-1.00,0
760,4.04,1.82,20724,20985,262,Car,1,405.12,35.03,42.63,38.82,45.90,1.28,6.79,0
761,5.05,2.02,20764,21047,284,Car,2,407.80,35.26,36.50,36.04,97.37,2.69,53.90,0
762,5.05,2.22,20768,21005,238,Car,1,404.34,37.96,45.37,42.68,26.28,0.68,7.06,0
763,4.35,2.12,20794,21077,284,Car,2,407.84,35.52,36.86,36.05,37.15,1.03,45.47,0
764,4.75,1.92,20870,21120,251,Car,1,405.13,38.32,41.36,40.53,190.93,4.66,12.13,0
765,4.55,1.92,20878,21105,228,Car,1,404.93,42.77,45.90,44.62,168.94,3.80,26.00,0
766,11.98,2.50,21004,21424,421,Truck,2,407.17,23.75,24.84,24.25,59.19,2.42,4489.89,0
767,4.35,1.82,21041,21319,279,Car,2,401.53,35.33,37.04,36.13,352.64,9.91,3342.32,1
768,12.03,2.50,21069,21484,416,Truck,2,406.80,23.95,25.00,24.51,47.96,1.93,240.82,0
769,7.28,2.50,21095,21523,429,Truck,1,405.03,23.33,23.91,23.66,38.94,1.63,-1.00,0
770,4.95,2.12,21130,21372,243,Car,1,404.78,41.20,42.29,41.85,-1.00,-1.00,-1.00,1
771,16.78,2.50,21248,21685,438,Truck,1,404.26,22.90,23.32,23.13,128.42,5.52,-1.00,0
772,4.75,2.12,21259,21522,264,Car,1,407.65,38.06,39.66,38.77,-1.00,-1.00,-1.00,0
773,11.93,2.50,21372,21792,421,Truck,1,405.16,23.35,24.43,24.12,88.91,3.72,69.63,0
774,5.05,2.32,21453,21732,280,Car,2,408.39,35.44,37.69,36.61,358.43,10.02,33.31,1
775,15.97,2.50,21471,21877,407,Truck,1,384.41,23.41,23.86,23.68,79.05,3.31,579.69,0
776,18.19,2.50,21504,21942,439,Truck,2,408.55,22.78,23.83,23.33,33.87,1.43,-1.00,0
777,4.35,1.92,21508,21785,278,Car,1,397.92,35.61,36.19,35.93,380.29,10.68,-1.00,0
778,4.85,2.12,21557,21860,304,Car,2,400.83,32.11,33.79,33.09,-1.00,-1.00,-1.00,1
779,12.03,2.50,21562,22003,442,Truck,2,406.88,22.35,23.67,23.07,40.22,1.80,-1.00,0
780,4.85,2.12,21574,21844,271,Car,1,407.00,37.29,38.19,37.71,75.69,2.02,38.45,0
781,3.74,1.72,21598,21911,314,Car,2,402.07,31.19,32.82,32.13,49.06,1.57,-1.00,0
782,4.85,2.02,21610,21885,276,Car,1,406.67,35.59,39.12,36.99,48.55,1.26,53.23,0
783,4.75,1.92,21655,22094,440,Car,2,408.60,22.97,23.84,23.28,80.18,3.44,204.47,0
784,4.55,1.82,21674,21971,298,Car,2,407.81,33.80,34.65,34.35,72.35,2.09,39.55,0
785,15.97,2.50,21679,22116,438,Truck,1,404.57,22.89,23.34,23.15,61.32,2.66,-1.00,0
786,4.95,2.02,21703,21964,262,Car,1,404.69,38.09,39.23,38.79,116.86,3.02,37.59,0
787,5.15,2.12,21714,22152,439,Car,2,408.27,22.91,24.06,23.31,48.37,2.08,433.16,0
788,5.15,2.22,21729,21988,260,Car,1,403.25,37.82,39.53,38.94,30.41,0.79,75.91,0
789,4.85,2.22,21741,21998,258,Car,1,396.86,38.12,39.15,38.64,16.34,0.42,3.26,2
790,6.67,2.50,21790,22177,388,Truck,1,405.06,25.60,27.21,26.18,56.62,2.20,20.58,0
791,4.85,2.02,21798,22246,449,Car,2,407.95,22.27,23.61,22.77,72.69,3.19,-1.00,0
792,4.75,2.02,21840,22212,373,Car,2,407.57,26.03,29.78,27.40,3.77,0.14,0.90,1
793,4.04,1.82,21843,22125,283,Car,1,399.35,35.17,35.96,35.42,153.88,4.28,-1.00,0
794,4.75,2.02,21857,22166,310,Car,2,407.24,31.87,33.44,32.96,245.06,7.69,-1.00,0
795,4.45,1.92,21961,22288,328,Car,2,407.95,26.24,33.00,31.21,41.13,1.47,7.40,0
796,4.55,2.02,21964,22241,278,Car,2,408.73,32.59,39.46,36.91,32.49,0.97,6.28,0
797,4.55,1.92,21978,22269,292,Car,2,406.06,34.00,35.37,34.91,15.83,0.46,17.34,0
798,4.35,1.92,21987,22307,321,Car,1,405.93,31.19,32.74,31.73,157.90,5.02,27.17,1
799,16.78,2.50,22008,22424,417,Truck,1,384.45,22.90,23.26,23.11,23.08,0.99,-1.00,0
800,4.04,1.92,22011,22296,286,Car,1,407.08,33.44,37.18,35.73,26.72,0.78,16.00,0
801,4.55,1.92,22014,22303,290,Car,2,406.19,31.85,36.36,35.15,38.24,1.07,23.44,1
802,14.25,2.50,22060,22496,437,Truck,1,404.22,22.05,23.69,23.19,30.02,1.30,63.23,0
803,16.78,2.50,22133,22551,419,Truck,1,385.05,22.59,23.56,23.03,51.35,2.19,63.90,0
804,3.74,1.92,22165,22513,349,Car,1,406.73,28.54,29.89,29.23,209.17,7.00,-1.00,0
805,6.37,2.63,22185,22531,347,Car,1,407.32,28.80,30.26,29.44,13.59,0.47,28.63,0
806,16.98,2.50,22213,22662,450,Truck,1,404.39,22.29,23.14,22.53,57.91,2.58,-1.00,0
807,4.35,1.92,22214,22555,342,Car,1,407.20,28.78,30.73,29.87,24.06,0.83,23.88,0
808,4.95,2.02,22216,22552,337,Car,2,408.21,29.71,31.74,30.38,286.66,9.04,-1.00,0
809,4.95,1.92,22255,22606,352,Car,1,408.12,28.97,29.18,29.08,44.34,1.53,272.17,0
810,4.55,1.92,22273,22625,353,Car,2,407.07,28.37,29.86,28.93,385.61,13.56,176.48,0
811,5.05,2.22,22279,22630,352,Car,1,406.40,28.85,29.12,28.95,21.01,0.72,760.37,0
812,9.10,2.50,22295,22735,441,Truck,1,404.95,22.88,23.12,23.02,57.51,2.51,74.84,0
813,4.75,2.02,22304,22647,344,Car,2,407.28,28.56,31.24,29.70,18.57,0.64,10.81,1
814,4.85,2.02,22316,22651,336,Car,1,407.51,29.86,31.77,30.42,21.38,0.71,13.94,0
815,4.85,2.22,22341,22678,338,Car,1,408.05,29.10,31.82,30.29,23.78,0.78,27.42,0
816,3.84,1.82,22370,22649,280,Car,2,407.38,34.99,37.82,36.52,75.75,2.15,16.32,0
817,4.65,1.92,22376,22713,338,Car,1,403.89,28.54,31.29,29.98,31.76,1.07,26.67,0
818,4.75,1.92,22391,22667,277,Car,2,407.59,34.95,37.84,36.94,22.12,0.58,57.46,0
819,4.95,2.02,22392,22727,336,Car,1,408.00,28.88,31.44,30.46,11.06,0.36,5.72,0
820,4.35,2.02,22410,22747,338,Car,1,404.77,28.42,31.30,30.03,13.67,0.48,34.15,0
821,4.95,2.12,22412,22686,275,Car,2,408.70,34.48,39.79,37.31,23.97,0.61,13.25,0
822,5.15,2.12,22427,22708,282,Car,2,409.23,34.60,39.01,36.43,15.77,0.45,71.20,0
823,4.65,2.22,22467,22776,310,Car,1,406.56,30.93,35.82,32.90,31.72,1.01,8.74,0
824,9.70,2.50,22471,22868,398,Truck,1,391.65,23.77,25.04,24.67,132.30,5.34,67.29,0
825,4.14,2.02,22507,22781,275,Car,2,400.78,35.76,37.87,36.59,195.47,5.35,25.37,0
826,4.65,2.12,22515,22752,238,Car,2,407.02,41.90,43.76,42.96,72.84,1.68,15.97,0
827,13.54,2.73,22523,22934,412,Car,1,406.24,24.08,25.00,24.72,37.18,1.51,38.69,0
828,4.75,2.02,22561,22852,292,Car,1,406.48,33.61,35.58,34.94,98.75,2.85,27.08,0
829,4.45,2.02,22589,22904,316,Car,2,407.05,31.54,33.01,32.32,118.12,3.74,-1.00,0
830,8.39,2.12,22666,23054,389,Car,1,406.56,25.65,27.00,26.21,114.27,4.42,57.24,0
831,5.76,2.12,22685,22989,305,Car,2,408.68,33.17,34.07,33.63,109.30,3.22,112.38,0
832,4.04,1.92,22724,23096,373,Car,1,405.94,25.80,29.27,27.29,39.27,1.52,22.24,0
833,4.65,2.32,22750,23033,284,Car,1,407.46,35.55,36.54,36.01,253.45,7.00,97.09,0
834,4.55,1.92,22816,23114,299,Car,2,408.11,33.36,35.42,34.26,169.22,4.91,355.04,1
835,5.05,2.02,22834,23152,319,Car,1,399.44,31.04,31.75,31.42,72.89,2.34,13.91,0
836,5.15,2.12,22843,23118,276,Car,2,407.96,35.40,38.07,37.11,30.02,0.84,15.29,0
837,16.88,2.50,22845,23258,414,Truck,2,407.30,24.18,25.21,24.67,9.92,0.39,-1.00,0
838,4.55,1.82,22863,23143,281,Car,2,405.87,34.69,37.71,36.26,22.14,0.64,-1.00,0
839,5.10,2.32,22866,23211,346,Car,2,400.58,25.99,30.43,29.04,12.33,0.45,4.55,2
840,5.05,2.02,22927,23221,295,Car,2,408.42,33.48,36.17,34.75,12.30,0.36,3.20,0
841,4.85,2.02,22984,23255,272,Car,2,408.60,36.86,39.08,37.72,45.93,1.21,15.92,0
842,5.05,2.02,22985,23286,302,Car,2,401.61,31.92,34.95,33.38,38.90,1.21,6.63,1
843,4.35,1.92,23022,23301,280,Car,1,407.12,34.48,37.35,36.50,202.16,5.47,34.09,0
844,4.85,2.02,23166,23424,259,Car,2,408.12,38.89,40.93,39.57,208.29,5.30,31.58,0
845,16.78,2.50,23238,23651,414,Truck,1,405.29,24.23,24.81,24.54,46.13,1.89,-1.00,0
846,5.15,2.32,23282,23675,394,Car,1,404.87,23.97,27.36,25.76,16.87,0.69,11.91,0
847,6.06,2.43,23285,23616,332,Car,2,407.25,29.79,31.30,30.77,-1.00,-1.00,-1.00,0
848,4.65,2.17,23323,23566,244,Car,1,397.69,40.32,41.34,40.93,-1.00,-1.00,-1.00,1
849,4.65,1.92,23371,23678,308,Car,1,409.36,32.72,33.64,33.35,53.54,1.59,6.80,1
850,4.45,2.02,23510,23756,247,Car,2,408.76,41.24,42.26,41.57,229.59,5.54,22.24,0
851,4.65,1.92,23629,23922,294,Car,1,406.04,34.38,34.97,34.66,333.93,9.55,149.85,1
852,14.35,2.50,23632,24072,441,Truck,1,404.46,22.85,23.10,22.99,27.05,1.17,-1.00,0
853,16.98,2.50,23658,24075,418,Truck,2,407.89,23.71,24.94,24.46,227.21,9.58,-1.00,0
854,4.35,1.92,23691,24020,330,Car,1,399.54,29.99,30.99,30.37,82.93,2.76,-1.00,0
855,17.89,2.50,23707,24148,442,Truck,1,405.11,22.75,23.29,22.98,51.61,2.23,249.00,0
856,4.55,1.92,23717,24049,333,Car,1,407.86,30.26,31.29,30.73,24.48,0.78,23.27,0
857,4.65,2.02,23743,24050,308,Car,2,400.22,31.56,33.62,32.61,-1.00,-1.00,-1.00,0
858,3.64,1.92,23747,24074,328,Car,1,404.21,29.96,32.25,30.92,24.05,0.78,16.08,0
859,3.84,1.82,23759,24076,318,Car,2,409.56,31.45,32.84,32.32,17.68,0.56,-1.00,0
860,5.05,2.12,23782,24101,320,Car,1,407.64,30.45,35.11,31.96,26.25,0.85,13.88,0
861,3.74,2.12,23788,24087,300,Car,2,401.40,33.26,33.90,33.58,16.78,0.50,12.02,0
862,3.94,1.92,23844,24185,342,Car,1,403.57,29.19,29.91,29.60,39.45,1.35,6.23,0
863,3.74,2.12,23853,24141,289,Car,1,407.35,33.88,36.37,35.37,51.36,1.50,13.21,0
864,13.74,2.50,23853,24310,458,Truck,2,407.50,21.81,22.74,22.30,17.52,0.79,-1.00,0
865,4.55,2.02,23858,24196,339,Car,2,408.38,29.43,30.97,30.22,91.18,3.09,25.92,1
866,4.45,1.92,23878,24182,305,Car,2,409.44,29.84,36.51,33.69,15.15,0.47,6.69,0
867,12.03,2.50,23885,24292,408,Truck,1,390.42,23.75,24.17,23.99,38.19,1.59,-1.00,0
868,16.98,2.50,23940,24393,454,Truck,2,407.24,22.01,22.98,22.48,59.09,2.60,398.39,0
869,4.75,1.92,23944,24254,311,Car,2,401.39,32.26,32.55,32.38,74.41,2.30,62.65,0
870,4.55,1.92,23972,24376,405,Car,2,409.08,21.85,30.28,25.32,17.39,0.67,5.40,1
871,11.32,2.83,23982,24422,441,Car,1,405.80,22.83,23.26,23.07,81.91,3.52,-1.00,0
872,5.86,2.53,24017,24461,445,Car,1,407.54,22.26,23.24,22.95,27.71,1.24,174.36,0
873,4.75,2.12,24027,24321,295,Car,2,409.21,34.07,35.09,34.82,81.51,2.33,30.96,0
874,4.75,2.02,24042,24369,328,Car,1,407.38,30.96,31.49,31.16,266.22,8.55,-1.00,0
875,4.45,2.22,24069,24395,327,Car,1,405.35,30.44,32.05,31.09,26.93,0.88,40.22,0
876,8.08,2.50,24075,24533,459,Truck,1,405.59,21.67,22.78,22.14,42.71,1.87,623.22,0
877,4.04,1.92,24116,24445,330,Car,1,407.21,30.31,31.96,30.96,54.26,1.74,36.97,0
878,9.70,2.50,24137,24577,441,Truck,1,405.65,22.38,24.10,23.06,29.49,1.30,29.79,0
879,5.66,2.43,24154,24488,335,Car,2,408.90,30.14,30.80,30.62,110.45,3.59,14.20,0
880,3.94,1.82,24171,24471,301,Car,1,407.44,31.62,35.35,33.97,28.33,0.88,10.15,0
881,4.35,1.92,24184,24535,352,Car,2,408.80,28.96,29.49,29.12,31.63,1.07,-1.00,0
882,16.78,2.50,24214,24649,436,Truck,1,405.74,22.71,23.74,23.32,48.68,2.13,40.98,0
883,3.89,1.82,24217,24517,301,Car,1,405.24,33.38,34.05,33.78,57.32,1.71,30.79,0
884,4.95,2.02,24217,24576,360,Car,2,409.61,28.03,29.36,28.52,33.92,1.16,72.31,1
885,4.85,2.12,24244,24598,355,Car,1,400.42,24.48,29.42,28.27,16.46,0.60,4.43,1
886,3.84,1.92,24246,24540,295,Car,1,408.09,34.17,35.49,34.72,28.14,0.82,25.64,0
887,16.57,2.50,24247,24669,423,Truck,2,406.79,23.10,24.77,24.10,17.34,0.75,-1.00,0
888,4.45,1.92,24303,24636,334,Car,1,405.45,29.91,31.00,30.45,36.01,1.16,14.48,1
889,3.64,1.92,24384,24745,362,Car,1,407.85,27.56,28.85,28.26,102.01,3.65,19.59,0
890,4.04,1.82,24403,24683,281,Car,2,409.24,35.60,37.41,36.56,63.52,1.72,5.16,1
891,4.95,2.02,24487,24762,276,Car,2,408.60,35.69,38.30,37.16,108.97,2.91,143.36,0
892,6.77,2.43,24487,24811,325,Car,2,408.12,30.22,31.89,31.50,113.72,3.76,24.45,0
893,4.35,1.92,24536,24841,306,Car,2,402.51,32.29,34.11,33.01,42.49,1.26,21.34,0
894,5.05,2.02,24546,24817,272,Car,2,408.47,37.26,37.89,37.71,78.24,2.07,36.79,0
895,3.94,1.92,24569,24842,274,Car,2,408.30,36.51,38.02,37.41,31.08,0.83,144.24,0
896,4.85,2.12,24585,24850,266,Car,1,406.34,37.63,38.90,38.36,154.09,4.02,14.38,0
897,4.85,2.02,24607,24915,309,Car,1,408.37,32.98,33.39,33.16,31.31,0.93,-1.00,0
898,4.95,2.02,24609,24888,280,Car,2,407.84,36.17,37.06,36.56,54.11,1.49,133.17,0
899,4.24,1.92,24611,24948,338,Car,2,410.34,29.45,31.23,30.45,94.16,3.19,-1.00,0
900,4.75,2.02,24637,24922,286,Car,2,409.41,35.18,36.22,35.94,35.99,1.02,-1.00,0
901,4.95,2.02,24671,24948,278,Car,2,409.22,36.07,37.41,36.96,33.14,0.91,25.60,0
902,4.95,2.12,24692,24984,293,Car,1,404.48,33.55,36.09,34.64,88.35,2.61,34.03,0
903,4.95,2.02,24711,24970,260,Car,2,409.20,38.38,40.15,39.52,31.08,0.77,7.71,0
904,4.95,2.12,24722,24983,262,Car,2,401.29,37.90,39.65,38.46,57.37,1.49,7.92,0
905,8.39,2.50,24838,25228,391,Truck,1,392.98,24.71,25.45,25.20,23.18,0.91,-1.00,0
906,6.06,2.63,24846,25145,300,Car,1,404.05,31.96,34.93,33.81,207.53,6.03,199.48,1
907,4.35,2.12,24925,25268,344,Car,1,404.93,26.41,32.74,29.52,26.94,0.99,9.81,0
908,4.75,2.43,24935,25177,243,Car,1,406.29,41.34,43.09,41.99,114.91,2.67,13.68,0
909,16.78,2.50,24947,25278,332,Truck,2,332.49,24.49,25.48,25.12,328.95,13.43,-1.00,0
910,4.14,1.92,24957,25214,258,Car,1,406.86,39.31,40.25,39.60,35.88,0.89,-1.00,0
911,4.85,2.02,24973,25231,259,Car,1,405.32,38.56,40.32,39.30,16.93,0.43,24.56,0
912,11.93,2.50,25066,25288,223,Truck,2,216.32,23.80,24.91,24.37,105.78,4.44,-1.00,0
913,4.04,1.82,25156,25288,133,Car,2,188.83,35.32,36.10,35.81,-1.00,-1.00,-1.00,0
914,17.38,2.50,25159,25288,130,Truck,2,124.57,23.79,24.35,24.16,71.55,2.99,-1.00,0
